No.,Player,Position,Height,Points,Assists,Ds,Turns,Team,Division,Year
0,Lior Givol,,'"1''0"""',4,,4,3,Revolver,Men,2018
1,Simon Higgins,Deep,,24,20,2,14,Revolver,Men,2018
3,Kevin Cocks,Defense (Cutter),,8,5,3,1,Revolver,Men,2018
3,George Stubbs,Defense (Cutter/Handler),,20,26,,17,Revolver,Men,2018
4,Joel Schlachet,Handler,,33,24,4,7,Revolver,Men,2018
6,Julian Childs-Walker,,,7,1,3,,Revolver,Men,2018
7,Russell Wynne,Defense (Cutter),,3,1,2,1,Revolver,Men,2018
8,John Stubbs,,'"6''0"""',12,16,4,11,Revolver,Men,2018
9,Cassidy Rasmussen,Mid,,5,11,9,6,Revolver,Men,2018
14,Kenneth Justin Lim,,'"5''10"""',9,4,1,4,Revolver,Men,2018
15,Michael Spear,Mid,'"5''9"""',1,6,3,3,Revolver,Men,2018
18,Gregory Cohen,Defense (Cutter),,4,5,6,2,Revolver,Men,2018
22,Marcelo Sanchez,Deep,,11,9,2,7,Revolver,Men,2018
23,Antoine Davis,,'"6''2"""',25,11,7,5,Revolver,Men,2018
24,Elijah Kerns,Defense (Cutter),,14,11,3,9,Revolver,Men,2018
25,Nick Stuart,,,3,3,3,6,Revolver,Men,2018
26,Grant Lindsley,Mid,,16,20,3,5,Revolver,Men,2018
26,Nathan White,Handler,,2,7,1,3,Revolver,Men,2018
27,Ashlin Joye,,,4,6,2,6,Revolver,Men,2018
29,Christian Johnson,Deep,'"6''2"""',6,2,3,2,Revolver,Men,2018
32,Jordan Marcy,Defense (Handler),,12,12,1,5,Revolver,Men,2018
33,Mark Lin,,'"6''0"""',2,2,2,1,Revolver,Men,2018
35,Lucas Dallmann,Defense (Cutter),,8,13,,2,Revolver,Men,2018
50,Sawyer Thompson,,'"6''4"""',7,2,2,3,Revolver,Men,2018
53,Eli Friedman,,'"5''10"""',9,24,1,9,Revolver,Men,2018
88,Byron Liu,Defense (Cutter),'"5''9"""',4,7,7,4,Revolver,Men,2018
93,Tom Doi,,'"5''10"""',4,3,,1,Revolver,Men,2018
,Chris Kocher,,,30,30,8,8,PoNY,Men,2018
0,Brendan Chin,Handler,'"4''5"""',,,,,PoNY,Men,2018
0,Saul Graves,,,,,,,PoNY,Men,2018
0,Charlie Holtz,,'"6''4"""',,,,,PoNY,Men,2018
0,Ben Jagt,,'"6''4"""',35,16,1,4,PoNY,Men,2018
0,Benjamin Katz,,,8,4,5,5,PoNY,Men,2018
0,Beaufort Kittredge,,,1,2,2,4,PoNY,Men,2018
0,Alexander Ladomatos,,,6,20,3,8,PoNY,Men,2018
0,Jimmy Mickle,,'"6''3"""',17,44,4,19,PoNY,Men,2018
0,Anthony Prato,,,,,,,PoNY,Men,2018
0,Michael Rice,,'"5''11"""',,,,,PoNY,Men,2018
0,Joshua Stevens-Stein,,'"5''9"""',5,1,3,1,PoNY,Men,2018
0,Gabe Stump,,,,,,,PoNY,Men,2018
0,Noriaki To,,'"5''10"""',,,,,PoNY,Men,2018
1,Markian Kuzmowycz,,'"5''7"""',6,,1,3,PoNY,Men,2018
2,Sean Keegan,,'"5''11"""',18,24,4,9,PoNY,Men,2018
4,Matt Hennessy,Mid,,1,2,2,6,PoNY,Men,2018
6,Michael Brenner,Handler,,4,3,,2,PoNY,Men,2018
7,Clark Cofer,,'"6''0"""',5,3,5,8,PoNY,Men,2018
8,Harper Garvey,,'"5''10"""',8,25,1,15,PoNY,Men,2018
9,Samuel Little,,,24,23,1,8,PoNY,Men,2018
11,John (Jack) Flintermann,,,1,1,1,1,PoNY,Men,2018
12,Matthew Lemar,,,4,3,3,2,PoNY,Men,2018
13,Evan Padget,,,1,3,,3,PoNY,Men,2018
15,Kevin Norton,,,5,3,2,5,PoNY,Men,2018
16,Michael Drost,,,8,7,6,3,PoNY,Men,2018
18,Tyler Haskell,,,9,3,2,1,PoNY,Men,2018
19,Isaac Saul,Handler,,5,5,,3,PoNY,Men,2018
22,Jack Marsh,,,7,7,4,7,PoNY,Men,2018
31,John Wodatch,,'"6''1"""',3,5,5,5,PoNY,Men,2018
47,Conrad Schloer,,,13,5,9,6,PoNY,Men,2018
50,Milo Snyder,,'"1''0"""',5,6,2,2,PoNY,Men,2018
60,William Dean,,,14,2,3,3,PoNY,Men,2018
61,Matthew Weintraub,Handler,'"6''0"""',,,,,PoNY,Men,2018
97,Benjamin Spielman,,,9,8,9,2,PoNY,Men,2018
98,Carter Thallon,,,,,,,PoNY,Men,2018
99,Laurent Loiseau,,,2,,2,1,PoNY,Men,2018
0,Jacob Janin,,,11,12,,2,Sockeye,Men,2018
1,Camden Allison-Hall,,,,,,,Sockeye,Men,2018
2,Brice Dixon,,,1,4,,2,Sockeye,Men,2018
6,Philip Murray,,'"6''0"""',2,5,3,2,Sockeye,Men,2018
7,Zane Rankin,,'"6''2"""',,1,3,1,Sockeye,Men,2018
8,Simon Montague,,,7,18,,6,Sockeye,Men,2018
9,Sam Harkness,,,2,2,1,1,Sockeye,Men,2018
10,Dongyang Chen,,,2,2,1,,Sockeye,Men,2018
11,Christian Foster,,,3,3,1,2,Sockeye,Men,2018
12,Tony Venneri,,,1,,,,Sockeye,Men,2018
14,Xander Cuizon Tice,,,10,3,1,1,Sockeye,Men,2018
15,Derek Mourad,,'"5''2"""',3,4,,1,Sockeye,Men,2018
16,Trent Dillon,,'"5''11"""',11,2,,1,Sockeye,Men,2018
19,Husayn Carnegie,,'"6''0"""',,1,,,Sockeye,Men,2018
22,Matt Russell,,,10,9,1,3,Sockeye,Men,2018
23,Danny Karlinsky,,'"5''8"""',3,3,,,Sockeye,Men,2018
24,Joe Sefton,,'"5''5"""',5,5,,,Sockeye,Men,2018
25,Frank Devin Barich,,,2,5,5,2,Sockeye,Men,2018
26,Cooper Schumacher,,'"1''0"""',,,,,Sockeye,Men,2018
27,William Katz,,,2,2,3,,Sockeye,Men,2018
28,Duncan Linn,,'"6''1"""',3,1,,1,Sockeye,Men,2018
31,Matthew Rehder,,,16,13,2,4,Sockeye,Men,2018
34,John Randolph,,'"6''0"""',8,2,1,,Sockeye,Men,2018
37,Thomas Kulczak,,'"5''11"""',2,1,,1,Sockeye,Men,2018
55,Dylan Freechild,,,13,13,,5,Sockeye,Men,2018
69,Zachary Goulson,,,4,,,,Sockeye,Men,2018
70,Julian Hausman,,,,5,,,Sockeye,Men,2018
77,Ben Snell,,,1,5,,3,Sockeye,Men,2018
87,Chris Kosednar,,,5,4,,2,Sockeye,Men,2018
0,Mischa Freystaetter,,,7,2,3,2,Ring of Fire,Men,2018
0,Jonathan Helton,Cutter,'"6''0"""',7,7,1,4,Ring of Fire,Men,2018
0,Allan Laviolette,,,12,12,5,10,Ring of Fire,Men,2018
0,Elijah Long,,'"5''11"""',1,2,,1,Ring of Fire,Men,2018
0,Andrew McKelvey,,'"1''0"""',2,,1,1,Ring of Fire,Men,2018
0,Jacob Mouw,,,5,2,2,,Ring of Fire,Men,2018
0,Liam Searles-Bohs,,'"6''1"""',10,7,1,7,Ring of Fire,Men,2018
1,Justin Allen,Cutter,,4,8,2,5,Ring of Fire,Men,2018
2,Hunter Taylor,Cutter,'"5''11"""',,,,,Ring of Fire,Men,2018
3,Josh Mullen,Handler,,,,,,Ring of Fire,Men,2018
4,Dillon Lanier,Cutter,'"6''0"""',14,17,,9,Ring of Fire,Men,2018
5,Matt Bode,Cutter,,3,2,6,3,Ring of Fire,Men,2018
7,Jonathan Nethercutt,Handler,,14,45,1,22,Ring of Fire,Men,2018
8,Terrence Mitchell,Cutter,'"1''0"""',2,,,2,Ring of Fire,Men,2018
9,JD Hastings,Handler,'"6''6"""',5,2,1,2,Ring of Fire,Men,2018
10,Henry Fisher,Cutter,'"6''5"""',30,3,7,8,Ring of Fire,Men,2018
12,Joe Cretella,Cutter,,1,1,,4,Ring of Fire,Men,2018
13,Shane Sisco,Cutter,'"5''11"""',2,,,2,Ring of Fire,Men,2018
15,Eric Taylor,Cutter,'"6''1"""',3,8,4,4,Ring of Fire,Men,2018
20,Jacob Fairfax,Cutter,,4,1,4,1,Ring of Fire,Men,2018
21,Matt Gouchoe-Hanas,Handler,'"1''0"""',13,16,,6,Ring of Fire,Men,2018
22,Solomon Yanuck,Handler,'"5''11"""',1,9,1,3,Ring of Fire,Men,2018
24,Noah Saul,Handler,,8,12,1,13,Ring of Fire,Men,2018
28,Jack Williams,Cutter,,17,6,4,5,Ring of Fire,Men,2018
31,Bob Liu,Handler,'"5''8"""',5,7,3,5,Ring of Fire,Men,2018
45,Brett Matzuka,Handler,,,1,3,2,Ring of Fire,Men,2018
51,Timothy McAllister,Cutter,'"10''11"""',5,1,,,Ring of Fire,Men,2018
84,David Richardson,Cutter,'"6''3"""',1,2,2,1,Ring of Fire,Men,2018
99,Joshua Hartzog,Cutter,,5,1,3,4,Ring of Fire,Men,2018
0,Jarrod Banks,,,5,2,,2,Truck Stop,Men,2018
0,Andrew Roy,Handler,'"5''9"""',,,,2,Truck Stop,Men,2018
1,Max Cassell,,,2,6,2,8,Truck Stop,Men,2018
1,Nathan Prior,,,3,25,5,18,Truck Stop,Men,2018
2,Christian Boxley,,'"5''10"""',26,3,1,1,Truck Stop,Men,2018
3,Jackson Cochran,,'"5''8"""',6,13,5,5,Truck Stop,Men,2018
4,Delrico Johnson,,,5,2,7,2,Truck Stop,Men,2018
5,David Cranston,,'"6''2"""',16,4,3,1,Truck Stop,Men,2018
7,Matthew Cullom,,'"6''2"""',,,,,Truck Stop,Men,2018
10,Tyler Monroe,,'"1''0"""',19,24,4,14,Truck Stop,Men,2018
11,Joseph Richards,,'"6''3"""',3,,,,Truck Stop,Men,2018
14,Lloyd Blake,,,13,9,3,7,Truck Stop,Men,2018
15,Nathan Castine,,,9,16,2,5,Truck Stop,Men,2018
17,Eric Miner,,,27,5,1,8,Truck Stop,Men,2018
20,Samuel Brecker,,'"6''0"""',,,,,Truck Stop,Men,2018
21,Matthew Rowan McDonnell,Cutter,,11,23,2,8,Truck Stop,Men,2018
23,Alexandre Fall,,,4,1,1,1,Truck Stop,Men,2018
24,Austin Bartenstein,,,1,2,1,2,Truck Stop,Men,2018
25,Marcus Thaw,,'"6''0"""',7,5,3,3,Truck Stop,Men,2018
30,David Bloodgood,,'"6''0"""',4,15,9,9,Truck Stop,Men,2018
33,Ryan Swift,,,2,,1,3,Truck Stop,Men,2018
38,Gabe Westergren,,,,,,,Truck Stop,Men,2018
45,Jeff Wodatch,Cutter,,16,8,4,3,Truck Stop,Men,2018
47,John Walden,,'"5''7"""',3,,,,Truck Stop,Men,2018
52,Gus Norrbom,,,6,5,3,2,Truck Stop,Men,2018
63,David Shields,,'"5''9"""',1,6,,4,Truck Stop,Men,2018
70,Christopher Strub,,'"5''9"""',7,3,4,4,Truck Stop,Men,2018
87,Matt Kerrigan,,'"6''0"""',2,3,1,1,Truck Stop,Men,2018
90,Markham Shofner,,,15,32,2,21,Truck Stop,Men,2018
91,Troy Holland,,'"6''0"""',17,3,6,6,Truck Stop,Men,2018
97,Bradley Scott,,,5,6,3,4,Truck Stop,Men,2018
,David Neilson,,'"6''4"""',2,,,,Furious George,Men,2018
0,Ty Barbieri,,,20,3,3,4,Furious George,Men,2018
0,Robbie Brennan,,,5,,1,,Furious George,Men,2018
0,Malcolm Bryson,,,4,16,1,7,Furious George,Men,2018
0,Kevin Chan,,,,1,,1,Furious George,Men,2018
0,Alexander Davis,,'"6''2"""',1,1,,,Furious George,Men,2018
0,Andrew Dick,,,5,4,,5,Furious George,Men,2018
0,Andre Gailits,,,5,6,2,5,Furious George,Men,2018
0,Mathew Goodkey,,'"6''0"""',,,,,Furious George,Men,2018
0,Hugh Knapp,,,2,9,3,8,Furious George,Men,2018
0,Fred Lam,,'"6''1"""',4,,,3,Furious George,Men,2018
0,Jonah Lee-Ash,,'"6''1"""',1,,,,Furious George,Men,2018
0,Kevin Lore,,'"5''10"""',,1,,,Furious George,Men,2018
0,Ari Nitikman,,,,1,,1,Furious George,Men,2018
0,Dawson Pasin,,'"6''0"""',4,,1,,Furious George,Men,2018
0,Justin Pettenuzzo,,,,,,,Furious George,Men,2018
0,Rumi Tejpar,,'"5''10"""',2,6,1,5,Furious George,Men,2018
0,Devon Thomson,,'"5''10"""',4,4,,2,Furious George,Men,2018
0,Tim Tsang,,,11,13,,9,Furious George,Men,2018
0,Kevin Underhill,,'"6''1"""',6,13,4,6,Furious George,Men,2018
0,Brendan Wong,,,9,7,2,2,Furious George,Men,2018
3,Alistair Robb,,,,2,2,1,Furious George,Men,2018
7,Charles Eyrich,Defense (Cutter),,,,,,Furious George,Men,2018
8,Morgan Hibbert,,,5,2,1,2,Furious George,Men,2018
9,Brayden Gee,,'"5''9"""',,1,1,1,Furious George,Men,2018
24,Peter Yu,,'"5''7"""',2,2,1,1,Furious George,Men,2018
0,Jesse White,Cutter,'"6''0"""',15,9,7,5,Chicago Machine,Men,2018
5,Bradley Bolliger,Cutter,,7,2,3,3,Chicago Machine,Men,2018
7,Kurt Gibson,,'"6''2"""',19,41,5,19,Chicago Machine,Men,2018
9,Stephan Mance,Handler,'"1''0"""',2,4,,4,Chicago Machine,Men,2018
10,Von Alanguilan,Cutter,'"1''0"""',7,1,13,2,Chicago Machine,Men,2018
11,Nathan Goff,Cutter,,6,9,2,3,Chicago Machine,Men,2018
12,Kyle Rutledge,Handler,,8,,2,5,Chicago Machine,Men,2018
13,Alex Evangelides,Cutter,'"6''1"""',10,22,6,5,Chicago Machine,Men,2018
14,Jeffrey Weis,Cutter,,13,7,2,2,Chicago Machine,Men,2018
15,Andrew Sheehan,Handler,'"5''11"""',3,3,3,2,Chicago Machine,Men,2018
16,Yiding Hou,Handler,'"5''9"""',21,13,1,13,Chicago Machine,Men,2018
17,Jack Shanahan,Cutter,'"6''1"""',11,12,,5,Chicago Machine,Men,2018
18,Cullen Geppert,Cutter,'"6''1"""',5,10,2,10,Chicago Machine,Men,2018
19,Jack Shey,Cutter,'"6''1"""',4,,2,1,Chicago Machine,Men,2018
22,Alex Champe,Cutter,'"5''10"""',3,2,3,4,Chicago Machine,Men,2018
24,Michael Pardo,Cutter,'"6''3"""',24,5,4,8,Chicago Machine,Men,2018
25,Ross Barker,Cutter,'"5''11"""',16,13,3,21,Chicago Machine,Men,2018
26,Kevin Kelly,Cutter,'"6''4"""',6,5,4,2,Chicago Machine,Men,2018
28,Joseph Cari,Handler,'"5''6"""',1,4,1,3,Chicago Machine,Men,2018
31,Walden Nelson,Handler,,18,11,4,2,Chicago Machine,Men,2018
32,Sam Kanner,Handler,,4,17,3,14,Chicago Machine,Men,2018
36,Timothy Fergus,Handler,,14,16,2,18,Chicago Machine,Men,2018
37,Travis Carpenter,Cutter,'"6''0"""',19,29,3,18,Chicago Machine,Men,2018
51,Andrew (AJ) Nelson,Cutter,'"6''4"""',39,16,3,9,Chicago Machine,Men,2018
55,Pawel Janas,Handler,'"5''10"""',17,29,1,18,Chicago Machine,Men,2018
64,Neal Phelps,Handler,,4,6,3,6,Chicago Machine,Men,2018
0,Wystan Duhn,Handler,,,2,1,3,Sub Zero,Men,2018
1,Ryan Osgar,Cutter,'"6''1"""',14,36,2,14,Sub Zero,Men,2018
2,Ben Feldman,Defense (Cutter),,3,3,3,1,Sub Zero,Men,2018
3,Colin Berry,Defense (Cutter),'"6''3"""',14,8,3,7,Sub Zero,Men,2018
4,Gregory Cousins,Cutter,'"5''10"""',37,24,4,14,Sub Zero,Men,2018
5,Charles McCutcheon,Defense (Cutter),'"1''0"""',9,5,11,,Sub Zero,Men,2018
7,Zach Trosvig,Cutter,,1,1,1,,Sub Zero,Men,2018
8,Cole Wallin,Mid,'"7''8"""',12,17,3,8,Sub Zero,Men,2018
9,Jay Drescher,Mid,'"5''10"""',6,10,10,11,Sub Zero,Men,2018
6,Charles Weinberg,Cutter,'"6''0"""',17,9,3,7,Sub Zero,Men,2018
10,Tony Poletto,Handler,'"6''9"""',1,3,,1,Sub Zero,Men,2018
11,Trey Taylor,Handler,'"5''8"""',,1,,,Sub Zero,Men,2018
12,Alex Simmons,Handler,,8,17,2,9,Sub Zero,Men,2018
13,Cole Jurek,Cutter,'"5''11"""',14,9,10,9,Sub Zero,Men,2018
15,Kristian Johnson,Handler,'"5''10"""',1,10,1,6,Sub Zero,Men,2018
16,Ethan Rasmussen,,,5,,1,,Sub Zero,Men,2018
17,Logan Weiss,Defense (Cutter),'"6''0"""',12,3,2,4,Sub Zero,Men,2018
20,Thomas Echols,Handler/Cutter,,5,9,6,3,Sub Zero,Men,2018
21,Codi Wood,Handler,,13,15,2,12,Sub Zero,Men,2018
24,Nicholas Vogt,Cutter,'"6''1"""',21,2,,4,Sub Zero,Men,2018
26,Jordan Taylor,Cutter,'"6''0"""',18,4,5,4,Sub Zero,Men,2018
29,Josh Klane,Handler,'"5''9"""',17,25,4,14,Sub Zero,Men,2018
33,Connor Anderson,Defense (Cutter),,8,5,4,,Sub Zero,Men,2018
66,Jason Tschida,Handler,,12,20,4,11,Sub Zero,Men,2018
71,Nicholas Simonelli,Cutter,'"6''0"""',32,37,3,16,Sub Zero,Men,2018
99,Tristan Van De Moortele,Handler,'"5''9"""',2,5,,8,Sub Zero,Men,2018
0,'Jordan O''Neill',,,26,11,,2,HIGH FIVE,Men,2018
2,David Valentine-Elam,,'"6''4"""',7,7,1,4,HIGH FIVE,Men,2018
3,Alexander Russomanno,,,3,4,1,1,HIGH FIVE,Men,2018
4,Eric Schumacher,,'"6''1"""',11,12,,11,HIGH FIVE,Men,2018
5,Austin Engel,,,,4,1,1,HIGH FIVE,Men,2018
6,Kevin Coulter,,'"6''2"""',12,7,2,3,HIGH FIVE,Men,2018
7,John-Michael Guest,,,,,,,HIGH FIVE,Men,2018
8,Dan Donovan,,'"6''1"""',4,3,,1,HIGH FIVE,Men,2018
9,Steven Moliterno,,,6,1,1,2,HIGH FIVE,Men,2018
10,David Bentrovato,,,1,2,2,2,HIGH FIVE,Men,2018
11,Jordan Rhyne,,,20,19,3,9,HIGH FIVE,Men,2018
16,Raymond Lu,,'"5''8"""',1,1,1,1,HIGH FIVE,Men,2018
17,Keegan North,,'"6''1"""',22,40,6,10,HIGH FIVE,Men,2018
18,Ethan Yourd,,,11,1,1,1,HIGH FIVE,Men,2018
19,Paul Arters,,'"6''0"""',32,49,3,18,HIGH FIVE,Men,2018
20,Sam Greenwood,,'"6''2"""',,1,1,1,HIGH FIVE,Men,2018
22,Michael Dagher-Margosian,,'"5''7"""',,,,,HIGH FIVE,Men,2018
23,Alex Kapiamba,,,8,2,4,2,HIGH FIVE,Men,2018
24,Wesley Chen,,,4,1,1,2,HIGH FIVE,Men,2018
30,Parker Howard,,'"1''0"""',14,3,,1,HIGH FIVE,Men,2018
38,Joe Mozloom Jr,,'"5''11"""',,3,2,1,HIGH FIVE,Men,2018
45,Kevin Baumann,,'"6''1"""',4,6,,6,HIGH FIVE,Men,2018
47,Phil Cherosky,,'"5''10"""',1,8,2,5,HIGH FIVE,Men,2018
55,Johnny Bansfield,,'"5''10"""',10,15,1,5,HIGH FIVE,Men,2018
76,Cole Osborn,,'"4''4"""',5,8,3,3,HIGH FIVE,Men,2018
77,James Highsmith,,'"6''1"""',5,,2,1,HIGH FIVE,Men,2018
91,Joe White,,'"5''11"""',4,12,2,3,HIGH FIVE,Men,2018
98,Zach Braun,,'"5''9"""',,1,,,HIGH FIVE,Men,2018
,Jeff Loskorn,,,,,,,Doublewide,Men,2018
,Kevin Richardson,,,,,,,Doublewide,Men,2018
0,Brendan Adams,,'"6''1"""',,,,,Doublewide,Men,2018
0,Brandon Malecek,Handler,'"5''10"""',2,4,1,11,Doublewide,Men,2018
1,Jason Holleran,,'"6''3"""',3,6,3,5,Doublewide,Men,2018
2,Matthew Bennett,,'"5''8"""',,12,3,14,Doublewide,Men,2018
4,Jay Froude,,,18,18,5,16,Doublewide,Men,2018
6,Michael Matthis,Defense (Cutter),'"5''10"""',11,5,5,4,Doublewide,Men,2018
7,Kurt Gibson,,'"6''2"""',,,,,Doublewide,Men,2018
9,Carson Wilder,,'"6''0"""',7,5,,2,Doublewide,Men,2018
10,Kaplan Maurer,,,4,8,2,6,Doublewide,Men,2018
11,Robert Lewis,,'"5''8"""',2,4,,7,Doublewide,Men,2018
12,Andrew Walch,,'"6''1"""',1,4,6,3,Doublewide,Men,2018
13,Dalton Smith,,'"5''10"""',6,11,2,3,Doublewide,Men,2018
14,Carter Hollo,,,17,2,1,3,Doublewide,Men,2018
15,"Sam ""Suds"" Ward",,'"5''7"""',,,,,Doublewide,Men,2018
16,Christopher Larocque,,'"6''2"""',13,27,3,10,Doublewide,Men,2018
17,Chris Larberg,,,5,1,1,1,Doublewide,Men,2018
19,Ethan Pollack,,,11,5,,4,Doublewide,Men,2018
20,Chase Cunningham,Handler/Cutter,'"6''3"""',28,36,8,29,Doublewide,Men,2018
21,Connor Ughetta,Defense (Cutter/Handler),'"5''10"""',3,3,,2,Doublewide,Men,2018
22,Griffin Miller,,'"5''11"""',7,2,7,2,Doublewide,Men,2018
24,Rory Orloff,,,4,,,,Doublewide,Men,2018
26,Noah Chambers,,'"6''3"""',3,3,3,2,Doublewide,Men,2018
27,Kyle Henke,,'"6''3"""',19,11,2,7,Doublewide,Men,2018
28,Daniel Emmons,Defense (Cutter),'"6''5"""',,,,,Doublewide,Men,2018
28,Elliott Moore,,'"5''10"""',3,1,,1,Doublewide,Men,2018
29,Mick Walter,,'"6''6"""',4,,3,1,Doublewide,Men,2018
31,Kai Marshall,,'"6''5"""',4,7,2,3,Doublewide,Men,2018
33,Ryan Purcell,,'"5''8"""',1,7,,,Doublewide,Men,2018
34,Henry Furuta,,'"5''0"""',9,6,3,10,Doublewide,Men,2018
43,Benjamin Lewis,,'"6''2"""',7,10,2,,Doublewide,Men,2018
50,Matthew Armour,,'"3''4"""',8,2,,,Doublewide,Men,2018
83,Mitchell Bennett,,'"5''9"""',,,,,Doublewide,Men,2018
99,Joshua Zdrodowski,,'"6''7"""',13,6,7,4,Doublewide,Men,2018
0,Mark Rauls,,'"5''5"""',2,4,,,Johnny Bravo,Men,2018
3,David Miller,Dump,'"1''0"""',14,1,1,3,Johnny Bravo,Men,2018
4,Felix Pronove,Dump,'"1''4"""',6,4,2,5,Johnny Bravo,Men,2018
5,Elliott Erickson,,'"5''9"""',7,15,4,12,Johnny Bravo,Men,2018
6,Erik Hotaling,,'"1''0"""',12,15,4,9,Johnny Bravo,Men,2018
7,Will McDonald,Dump,'"6''0"""',6,,,1,Johnny Bravo,Men,2018
9,Robert Korbel,Dump,'"6''3"""',1,1,,,Johnny Bravo,Men,2018
10,Nick Purifico,Dump,,,4,2,,Johnny Bravo,Men,2018
11,Joshua Crane,,,22,35,2,28,Johnny Bravo,Men,2018
13,Alan Villanueva,Dump,'"6''0"""',14,7,12,8,Johnny Bravo,Men,2018
15,Dennison Chris Bechis,,,41,24,5,14,Johnny Bravo,Men,2018
16,Jake Marrapode,Dump,'"5''11"""',1,6,1,5,Johnny Bravo,Men,2018
20,Mo Scott,Defense (Handler),'"5''9"""',4,6,2,3,Johnny Bravo,Men,2018
22,Stanley Peterson,,,39,24,6,12,Johnny Bravo,Men,2018
24,Matt Bubernak,Deep,,3,5,3,5,Johnny Bravo,Men,2018
26,Owen Westbrook,,,7,10,,9,Johnny Bravo,Men,2018
29,Sandy Brown,Dump,'"6''5"""',5,4,3,3,Johnny Bravo,Men,2018
32,Kevin Johnson,Dump,'"5''10"""',7,,1,2,Johnny Bravo,Men,2018
34,Henry Konker,Dump,'"1''0"""',23,33,5,16,Johnny Bravo,Men,2018
35,Todd Wolma,Defense (Cutter),'"6''1"""',6,4,6,2,Johnny Bravo,Men,2018
42,Ben Lohre,,,27,50,7,19,Johnny Bravo,Men,2018
66,Matt Jackson,,'"5''8"""',36,35,4,18,Johnny Bravo,Men,2018
72,Dylan Salzman,Dump,'"5''8"""',9,17,3,10,Johnny Bravo,Men,2018
85,Calvin Delamere,Dump,,12,1,,1,Johnny Bravo,Men,2018
88,Quinn Finer,Dump,'"6''0"""',12,12,3,7,Johnny Bravo,Men,2018
0,Henry Babcock,,,1,1,,3,DiG,Men,2018
0,Noah Backer,,'"6''0"""',9,7,,3,DiG,Men,2018
0,Chris Bartoli,,'"6''0"""',1,1,2,2,DiG,Men,2018
0,Gene Buonaccorsi,,,,,,,DiG,Men,2018
0,Jason (Jay) Clark,,'"6''2"""',2,3,3,4,DiG,Men,2018
0,Gabe Colton,,,1,3,3,1,DiG,Men,2018
0,Ryan Dinger,,'"6''2"""',1,1,,,DiG,Men,2018
0,Rocco Essex-Linehan,,'"6''0"""',10,2,,3,DiG,Men,2018
0,Ben Field,,'"5''11"""',3,,2,1,DiG,Men,2018
0,Brett Gramann,,'"5''9"""',7,10,1,3,DiG,Men,2018
0,Jack Hatchett,,'"6''0"""',2,4,,4,DiG,Men,2018
0,Mac Hecht,,'"6''2"""',4,11,,6,DiG,Men,2018
0,Rustin Ingold-Smith,,'"6''0"""',1,2,1,3,DiG,Men,2018
0,Tannor Johnson,,'"6''3"""',5,18,2,6,DiG,Men,2018
0,Joshua Markette,,,2,4,2,4,DiG,Men,2018
0,Eli Motycka,,'"3''0"""',,,,,DiG,Men,2018
0,Eric Shaw,,,,,,,DiG,Men,2018
0,Willie Stewart,,'"6''2"""',1,3,,3,DiG,Men,2018
2,Spencer Diamond,,,6,3,,2,DiG,Men,2018
3,Ryan Rzepka,,,,1,1,1,DiG,Men,2018
4,Tanner Halkyard,,'"6''3"""',10,4,1,2,DiG,Men,2018
5,Michael Sender,,,3,1,1,,DiG,Men,2018
8,Ben Sadok,,'"5''5"""',7,9,,7,DiG,Men,2018
9,Misha Sidorsky,,'"5''10"""',5,1,,2,DiG,Men,2018
11,Mat Little,,'"5''10"""',2,2,,3,DiG,Men,2018
12,Timothy Schoch,,'"6''1"""',2,2,,,DiG,Men,2018
13,Hartley Greenwald,,'"7''6"""',5,4,,,DiG,Men,2018
22,Ben Tseytlin,,,5,7,,1,DiG,Men,2018
27,Nicholas Thompson,,,8,2,1,4,DiG,Men,2018
64,Frederik Brasz,,,1,1,,2,DiG,Men,2018
71,Denis Maguire,,'"6''2"""',,,,,DiG,Men,2018
83,Alex Dagley,,'"6''1"""',3,,1,,DiG,Men,2018
0,John Cairns,,,,1,,,Rhino Slam,Men,2018
0,Colby Chuck,,,,1,2,2,Rhino Slam,Men,2018
0,Colton Clark,,,3,11,,5,Rhino Slam,Men,2018
0,Sam Gordon-Koven,,'"6''5"""',1,,,1,Rhino Slam,Men,2018
0,Kristian Grobecker,,'"1''0"""',3,1,2,2,Rhino Slam,Men,2018
0,Andrew Halpin,,,1,,,,Rhino Slam,Men,2018
0,Spencer Latarski,,,,,,1,Rhino Slam,Men,2018
0,Will Lohre,,,7,3,1,1,Rhino Slam,Men,2018
0,Garrett Martin,,'"5''11"""',,,,,Rhino Slam,Men,2018
0,Leandro Marx,,,1,4,3,3,Rhino Slam,Men,2018
0,Adam Rees,,,6,10,3,8,Rhino Slam,Men,2018
0,Will Shaw,,,9,11,1,3,Rhino Slam,Men,2018
0,Trevor Smith,,,5,15,1,3,Rhino Slam,Men,2018
0,Hylke Snieder,,,5,,,3,Rhino Slam,Men,2018
6,Cody Bjorklund,,,12,21,1,9,Rhino Slam,Men,2018
8,Benjamin Whitenack,,,10,5,1,3,Rhino Slam,Men,2018
9,Chris Hancock,Handler,'"5''8"""',6,2,,3,Rhino Slam,Men,2018
12,Jonathan Lee,,'"6''0"""',11,7,,1,Rhino Slam,Men,2018
13,Timmy Perston,,,4,1,,,Rhino Slam,Men,2018
15,Mario Bundy,,'"5''11"""',,1,2,1,Rhino Slam,Men,2018
17,Raphael Hayes,Cutter,,24,8,3,9,Rhino Slam,Men,2018
19,Quinn Buermeyer,,'"5''10"""',4,3,2,1,Rhino Slam,Men,2018
20,Brandon Lafferty,,,2,5,,2,Rhino Slam,Men,2018
22,Grant Cole,Defense (Handler),,1,2,,,Rhino Slam,Men,2018
30,Sam Franer,Defense (Cutter),'"5''10"""',3,1,1,1,Rhino Slam,Men,2018
40,Vinh Bui,,,1,4,1,3,Rhino Slam,Men,2018
44,Owen Murphy,,,2,15,,2,Rhino Slam,Men,2018
47,Will Beck,,'"6''1"""',5,,,,Rhino Slam,Men,2018
88,Duncan Fitzgerald,,'"6''0"""',,,,,Rhino Slam,Men,2018
91,Aaron Adamson,,,4,1,2,1,Rhino Slam,Men,2018
,Derek Alexander,,,,,,,GOAT,Men,2018
0,Connor Armstrong,,,,,,,GOAT,Men,2018
0,Jay Boychuk,,,,,,,GOAT,Men,2018
0,Benjamin Burelle,,'"5''7"""',,,,,GOAT,Men,2018
0,Jonathan (JJ) Edwards,,,,,,,GOAT,Men,2018
0,Jacky Hau,,'"6''2"""',,,,,GOAT,Men,2018
0,Nathan Hirst,,'"5''9"""',,,,,GOAT,Men,2018
0,Iain MacKenzie,,'"6''1"""',,,,,GOAT,Men,2018
0,Jeremy Norden,,,,,,,GOAT,Men,2018
0,Ben Pries,,'"5''10"""',,,,,GOAT,Men,2018
0,Marijo Zlatic,,'"6''1"""',,,,,GOAT,Men,2018
3,Andrew Carroll,,'"5''10"""',,,,,GOAT,Men,2018
4,Alec Arsenault,Cutter,'"6''0"""',,,,,GOAT,Men,2018
6,Jaret Meron,,,,,,,GOAT,Men,2018
10,Nicholas Dacquisto,Defense (Cutter),,,,,,GOAT,Men,2018
12,Remi Jr. Ojo,,'"6''1"""',,,,,GOAT,Men,2018
17,Isaiah Masek-Kelly,Cutter,,,,,,GOAT,Men,2018
18,Anatoly Vasilyev,,'"5''11"""',,,,,GOAT,Men,2018
19,Thomson McKnight,,'"6''2"""',,,,,GOAT,Men,2018
20,Jeff Lindquist,,,,,,,GOAT,Men,2018
21,Geoffrey Powell,,'"6''0"""',,,,,GOAT,Men,2018
30,Greg Ellis,Handler/Cutter,'"5''11"""',,,,,GOAT,Men,2018
43,Andrew Ouchterlony,,'"6''3"""',,,,,GOAT,Men,2018
45,David Hochhalter,,,,,,,GOAT,Men,2018
61,Sachin Raina,Handler,,,,,,GOAT,Men,2018
77,Michael MacKenzie,,,,,,,GOAT,Men,2018
83,Jason Huynh,,,,,,,GOAT,Men,2018
86,Dan LaFrance,Defense (Cutter),,,,,,GOAT,Men,2018
87,Brett Tan,,,,,,,GOAT,Men,2018
89,Mark Lloyd,Handler/Cutter,,,,,,GOAT,Men,2018
91,Cameron Harris,,,,,,,GOAT,Men,2018
0,Karl Ekwurtzel,,'"6''2"""',1,1,,,Chain Lightning,Men,2018
0,Daniel Sperling,,'"5''11"""',7,4,1,2,Chain Lightning,Men,2018
1,Will Lindquist,,,7,4,,1,Chain Lightning,Men,2018
2,Austin Taylor,,'"5''10"""',7,8,1,8,Chain Lightning,Men,2018
3,Matthew Knowles,,'"5''11"""',1,4,1,3,Chain Lightning,Men,2018
4,Player Pierce,,'"6''3"""',4,12,1,9,Chain Lightning,Men,2018
5,Michael Fairley,,'"6''4"""',3,3,1,3,Chain Lightning,Men,2018
6,Tyler Kunsa,,'"5''11"""',,,,,Chain Lightning,Men,2018
7,Parker Bray,,'"6''0"""',,1,,3,Chain Lightning,Men,2018
8,Christian Olsen,,'"5''10"""',7,9,1,1,Chain Lightning,Men,2018
9,Kyle Stapleton,,,,,,,Chain Lightning,Men,2018
10,Danny On,,'"5''6"""',3,,3,1,Chain Lightning,Men,2018
11,Christopher Calhoun,,'"5''8"""',1,,,,Chain Lightning,Men,2018
12,Matthew Smith,,,19,5,1,4,Chain Lightning,Men,2018
13,Josh Turner,,,7,6,1,3,Chain Lightning,Men,2018
14,Karl Kingma,,,,,,,Chain Lightning,Men,2018
16,Anders Olsen,,,,,,,Chain Lightning,Men,2018
19,Stanley Birdsong,,'"6''3"""',6,1,,1,Chain Lightning,Men,2018
20,Joshua Bush,,'"6''3"""',,,,,Chain Lightning,Men,2018
21,Jacques Perivier,,,1,2,,,Chain Lightning,Men,2018
22,Sean Sears,,,3,1,2,1,Chain Lightning,Men,2018
23,Sun Choi,,,,5,,1,Chain Lightning,Men,2018
25,Tyler French,,'"6''1"""',,,,1,Chain Lightning,Men,2018
27,Paul Lally,,'"10''11"""',8,18,1,4,Chain Lightning,Men,2018
29,Mason Cary,,'"6''0"""',1,1,,,Chain Lightning,Men,2018
81,Joseph Burns,,'"6''0"""',,,,,Chain Lightning,Men,2018
82,Sam Batson,,,1,,1,2,Chain Lightning,Men,2018
87,Trenton Spinks,,'"6''4"""',,1,2,,Chain Lightning,Men,2018
99,Jaime Perez,,'"6''2"""',,,,,Chain Lightning,Men,2018
0,Jacob Bartholomew,,,1,2,,,SoCal Condors,Men,2018
0,Jesse Cohen,,'"6''0"""',6,2,,,SoCal Condors,Men,2018
0,Travis Dunn,,,8,11,,,SoCal Condors,Men,2018
0,Wesley Groth,,'"6''2"""',2,,,,SoCal Condors,Men,2018
0,Aidan Hall,,,1,,,,SoCal Condors,Men,2018
0,Sean Ham,,,9,,,,SoCal Condors,Men,2018
0,Tim Okita,,'"5''8"""',2,5,,,SoCal Condors,Men,2018
0,Marcel Osborne,,'"1''0"""',,,,,SoCal Condors,Men,2018
0,Scott Radlauer,,'"6''1"""',1,,,,SoCal Condors,Men,2018
0,Kyle Rubin,,'"5''10"""',,,,,SoCal Condors,Men,2018
0,Brandon Severson,,'"6''1"""',,,,,SoCal Condors,Men,2018
0,Matt Theologidy,,'"6''1"""',,1,,,SoCal Condors,Men,2018
0,Michael Tran,,'"5''10"""',,,,,SoCal Condors,Men,2018
0,Bailey Wu,,,,,,,SoCal Condors,Men,2018
3,Conor Schofield,,'"5''8"""',1,,,,SoCal Condors,Men,2018
4,Will Griffin,,'"5''10"""',,,,,SoCal Condors,Men,2018
9,Maxwell Hume,,,1,2,,,SoCal Condors,Men,2018
10,Sean McDougall,,'"6''0"""',6,5,,,SoCal Condors,Men,2018
13,Mark Leggio,,'"1''4"""',2,1,,,SoCal Condors,Men,2018
14,William Turner,,'"5''11"""',3,1,,,SoCal Condors,Men,2018
17,Hunter Corbett,,,,,,,SoCal Condors,Men,2018
19,Jeff Silverman,,,1,,,,SoCal Condors,Men,2018
24,David Ritchie,,,,,,,SoCal Condors,Men,2018
27,Collin Gall,,'"5''11"""',1,,,,SoCal Condors,Men,2018
55,Tyler Bacon,,'"5''8"""',2,12,,,SoCal Condors,Men,2018
88,Samuel Fontaine,,'"5''11"""',,3,,,SoCal Condors,Men,2018
91,Grant Boyd,,'"5''10"""',,,,,SoCal Condors,Men,2018
1,David Wiseman,Cutter,'"6''5"""',4,5,2,10,Madison Club,Men,2018
2,Logan Pruess,Handler,,7,5,1,3,Madison Club,Men,2018
4,Sam Hebert,Handler,'"5''9"""',1,1,,4,Madison Club,Men,2018
6,Bill Everhart,Handler,'"6''1"""',,2,,1,Madison Club,Men,2018
7,Avery Johnson,Cutter,'"5''11"""',11,5,,8,Madison Club,Men,2018
9,Andrew Meshnick,Cutter,,10,5,1,,Madison Club,Men,2018
10,Victor Luo,Handler,'"5''10"""',8,6,2,5,Madison Club,Men,2018
14,Sef Van Kan,Cutter,,1,2,,,Madison Club,Men,2018
18,Mike Kobyra,Cutter,'"5''11"""',2,1,2,2,Madison Club,Men,2018
20,Glenn Poole,Handler,'"5''9"""',3,4,,7,Madison Club,Men,2018
22,Rami Paust,Handler,,2,3,,,Madison Club,Men,2018
23,Tarik Akyuz,Cutter,,3,1,,1,Madison Club,Men,2018
24,Logan Grothus,Cutter,'"5''10"""',2,3,2,,Madison Club,Men,2018
25,Ryan Tucker,Cutter,,16,,,1,Madison Club,Men,2018
26,Peter Graffy,Cutter,,11,19,,6,Madison Club,Men,2018
27,Elliot Mawby,Cutter,'"6''4"""',,,,2,Madison Club,Men,2018
28,Noah Nicol,Cutter,,1,,,,Madison Club,Men,2018
32,Colin Camp,Cutter,'"6''2"""',9,16,,3,Madison Club,Men,2018
42,Chase Marty,Cutter,'"6''2"""',1,1,,,Madison Club,Men,2018
48,Thomas Coolidge,Cutter,'"5''8"""',8,6,3,4,Madison Club,Men,2018
66,Ted Schewe,Cutter,'"6''2"""',3,1,,2,Madison Club,Men,2018
68,Benjamin Nelson,Handler,,6,8,1,6,Madison Club,Men,2018
76,Colin Grandon,Cutter,,2,3,,,Madison Club,Men,2018
80,Kevin Pettit-Scantling,Cutter,,5,7,,1,Madison Club,Men,2018
92,Kevin Brown,Cutter,'"6''1"""',9,20,1,7,Madison Club,Men,2018
0,Andrew Kohl,,,4,,3,2,Pittsburgh Temper,Men,2018
1,Max Sheppard,,'"6''4"""',12,5,3,7,Pittsburgh Temper,Men,2018
2,Jonathan Mast,,'"6''1"""',4,7,1,7,Pittsburgh Temper,Men,2018
3,Patrick Earles,,'"6''2"""',9,21,1,12,Pittsburgh Temper,Men,2018
4,David Vatz,,'"5''9"""',1,1,,,Pittsburgh Temper,Men,2018
6,Anson Reppermund,,,3,2,3,,Pittsburgh Temper,Men,2018
7,Mark Fedorenko,,'"6''3"""',6,1,,7,Pittsburgh Temper,Men,2018
8,Thomas Edmonds,,'"1''0"""',6,29,1,12,Pittsburgh Temper,Men,2018
10,Max Thorne,,'"5''7"""',12,9,4,7,Pittsburgh Temper,Men,2018
11,Leo Warren,,,,8,,1,Pittsburgh Temper,Men,2018
12,Justin Abel,,,3,5,1,2,Pittsburgh Temper,Men,2018
14,Kenny Furdella,,,2,1,2,3,Pittsburgh Temper,Men,2018
15,Dylan Best,,,15,6,3,7,Pittsburgh Temper,Men,2018
17,Matthew Hanna,,,9,5,1,3,Pittsburgh Temper,Men,2018
24,Alexander Thomas,,'"6''0"""',6,2,1,,Pittsburgh Temper,Men,2018
27,Jasper Tom,,,5,2,3,2,Pittsburgh Temper,Men,2018
29,Hafeez Shams,,'"6''0"""',2,1,,2,Pittsburgh Temper,Men,2018
35,Dan Goldstein,,'"5''7"""',,,1,5,Pittsburgh Temper,Men,2018
38,Jonah Wisch,,,5,4,,7,Pittsburgh Temper,Men,2018
42,Marcus Ranii-Dropcho,Handler/Cutter,,8,4,,2,Pittsburgh Temper,Men,2018
43,Jake Rovner,,'"5''3"""',1,,,1,Pittsburgh Temper,Men,2018
48,Jimmy Towle,,'"5''9"""',10,6,,1,Pittsburgh Temper,Men,2018
49,Sam Vandusen,,'"6''0"""',3,13,1,6,Pittsburgh Temper,Men,2018
52,Aaron Collins,Cutter,'"6''0"""',,,,,Pittsburgh Temper,Men,2018
71,Tad Wissel,,,,1,,1,Pittsburgh Temper,Men,2018
79,Michael Ing,,,4,1,,,Pittsburgh Temper,Men,2018
81,Tyler DeGirolamo,,,18,7,2,3,Pittsburgh Temper,Men,2018
0,Timothy Gilligan,,'"5''10"""',8,6,,,Guerrilla,Men,2018
0,Jacob Greenberg,,'"6''3"""',1,1,,,Guerrilla,Men,2018
0,Jack Hamner,,'"6''3"""',1,1,,,Guerrilla,Men,2018
0,Andrew Hooker,,'"6''0"""',,4,,,Guerrilla,Men,2018
0,Caleb Merriam,,'"5''9"""',1,3,,,Guerrilla,Men,2018
0,Xavier Jacque Mignot,,,1,,,,Guerrilla,Men,2018
0,Mark Philipson,,,,,,,Guerrilla,Men,2018
0,Zach Sabin,,,4,1,,,Guerrilla,Men,2018
0,Andy Smith,,,1,2,,,Guerrilla,Men,2018
0,Jackson Stearns,,,,,,,Guerrilla,Men,2018
0,Kevin Tien,,'"6''1"""',2,,,,Guerrilla,Men,2018
2,Samuel Adamson,,,3,6,,,Guerrilla,Men,2018
3,Tommy Adams,,,,,,,Guerrilla,Men,2018
4,Shane Earley,,,,,,,Guerrilla,Men,2018
5,Matthew Crawford,,'"6''1"""',4,5,,,Guerrilla,Men,2018
6,Charles Cao,,'"6''0"""',,,,,Guerrilla,Men,2018
8,Brandon Fein,,,,2,,,Guerrilla,Men,2018
9,Andrew Moore,,'"6''0"""',9,1,,,Guerrilla,Men,2018
10,Sonny Zaccaro,,,,5,,,Guerrilla,Men,2018
12,Steven Chang SR.,,'"6''0"""',2,6,,,Guerrilla,Men,2018
13,Dillon Whited,,'"1''0"""',2,3,,,Guerrilla,Men,2018
15,Lucas Young,,,1,3,,,Guerrilla,Men,2018
18,Eric Greenwood,,'"5''6"""',4,1,,,Guerrilla,Men,2018
20,Sam Swink,,,,1,,,Guerrilla,Men,2018
24,Jason Yun,,'"5''11"""',4,,,,Guerrilla,Men,2018
31,Ethan Falat,,,4,3,,,Guerrilla,Men,2018
33,Nicholas Hirning,,,5,1,,,Guerrilla,Men,2018
42,Matt Jaffe,,'"6''1"""',,1,,,Guerrilla,Men,2018
88,Nicholas Murphy,,,2,3,,,Guerrilla,Men,2018
,Matthew Glazer,,'"5''11"""',,,,,Patrol,Men,2018
,Benjamin Johnson,,'"5''9"""',,,,,Patrol,Men,2018
,Kevin Tsui,,'"6''0"""',,,,,Patrol,Men,2018
0,Jake Butrica,,,,,,,Patrol,Men,2018
0,Reed Forman,,'"5''10"""',,,,,Patrol,Men,2018
0,Allan Michel,,,,,,,Patrol,Men,2018
0,Eric Witmer,,,,,,,Patrol,Men,2018
1,Nicholas LaRue,,,2,,,,Patrol,Men,2018
3,Paul Klimkowski,,,1,,,1,Patrol,Men,2018
8,Nick Patel,,'"5''7"""',5,2,1,2,Patrol,Men,2018
9,Himalaya Mehta,,'"6''0"""',15,8,,3,Patrol,Men,2018
10,Ethan Fortin,,,5,7,,3,Patrol,Men,2018
11,Alex Atkins,,,,8,,2,Patrol,Men,2018
13,Quinn Hunziker,,,4,7,,2,Patrol,Men,2018
16,Trevor Griesman,,'"6''2"""',,4,,1,Patrol,Men,2018
18,William (Billy) Sickles,,,11,13,2,1,Patrol,Men,2018
19,Tom Allen,,,3,1,1,8,Patrol,Men,2018
20,David Baer,,'"5''9"""',2,11,1,3,Patrol,Men,2018
21,Francisco Gomez,,'"6''5"""',,1,,,Patrol,Men,2018
24,Ethan Peck,,'"1''0"""',11,12,3,8,Patrol,Men,2018
27,Jake Rainwater,,,8,3,,3,Patrol,Men,2018
38,TJ Stanton,,'"6''0"""',1,1,,1,Patrol,Men,2018
44,'Tom O''Connor',,,1,1,,,Patrol,Men,2018
45,Nicholas DiGiorgio,,'"5''8"""',3,2,,1,Patrol,Men,2018
48,Ryan Weaver,,'"6''1"""',1,5,,4,Patrol,Men,2018
52,Connor Russell,,'"6''5"""',10,18,1,6,Patrol,Men,2018
55,Matt Paparone,,,2,1,,,Patrol,Men,2018
61,Daniel Hartsoe,,'"1''0"""',1,2,,1,Patrol,Men,2018
69,Peter Burt,,'"2''6"""',3,2,2,1,Patrol,Men,2018
76,Trevor Lynch,,'"6''1"""',2,,,,Patrol,Men,2018
77,Ryan Brown,,,9,1,,1,Patrol,Men,2018
91,Vincent Reydams,,,5,1,,,Patrol,Men,2018
96,Casey Vaughn,,'"5''11"""',,1,,,Patrol,Men,2018
,Erin Rea,,,,,,,Brute Squad,Women,2018
0,Alexandra Ode,,'"5''8"""',9,4,,1,Brute Squad,Women,2018
2,Sophie Hulbert,,,5,2,4,4,Brute Squad,Women,2018
3,Courtney Verhaalen,,,7,3,7,4,Brute Squad,Women,2018
4,Lien Hoffmann,,'"5''6"""',26,9,8,9,Brute Squad,Women,2018
5,Julianna Werffeli,,,7,16,8,18,Brute Squad,Women,2018
6,Claudia Tajima,,'"5''6"""',4,15,3,8,Brute Squad,Women,2018
7,Kami Groom,,,26,20,21,14,Brute Squad,Women,2018
10,Amber Sinicrope,,'"1''0"""',13,44,6,22,Brute Squad,Women,2018
12,Nicole Canning,,'"1''0"""',16,1,6,3,Brute Squad,Women,2018
13,Becky Malinowski,,,16,14,4,10,Brute Squad,Women,2018
14,Tulsa Douglas,,'"5''9"""',4,10,11,12,Brute Squad,Women,2018
17,Angela Zhu,,'"1''0"""',7,24,15,24,Brute Squad,Women,2018
21,Chelsea Murphy,,'"5''3"""',7,4,7,9,Brute Squad,Women,2018
22,Victoria Negus,,,4,,2,2,Brute Squad,Women,2018
26,Elana Schwam,,'"5''4"""',20,12,7,6,Brute Squad,Women,2018
27,Jessie Grignon Tomas,,'"5''7"""',27,3,4,18,Brute Squad,Women,2018
28,Shellie Cohen,,,4,9,4,11,Brute Squad,Women,2018
29,Caitlyn Lee,Handler,,20,12,8,9,Brute Squad,Women,2018
32,Megan Wilson,,,,2,,6,Brute Squad,Women,2018
37,Lauren Sadler,,'"5''2"""',4,2,6,4,Brute Squad,Women,2018
38,Hannah Henkin,,,2,2,,10,Brute Squad,Women,2018
39,Sydney Dobkin,,,,,,,Brute Squad,Women,2018
42,Rachel Kramer,Cutter,,4,6,4,1,Brute Squad,Women,2018
46,Jojo Emerson,Handler,'"1''0"""',2,17,4,12,Brute Squad,Women,2018
52,'Caitlin O''Connell',,,6,2,3,,Brute Squad,Women,2018
71,Cassandra Wong,,'"5''3"""',11,11,6,13,Brute Squad,Women,2018
83,Alyson Steinfeld,,'"5''11"""',2,7,4,8,Brute Squad,Women,2018
0,Marika Austin,,,16,2,6,3,Fury,Women,2018
0,Amel Awadelkarim,,'"5''5"""',7,11,4,7,Fury,Women,2018
0,Meeri Chang,,'"5''3"""',2,8,1,4,Fury,Women,2018
0,Diana Charrier,,,2,,2,,Fury,Women,2018
0,Lisa Couper,,,14,2,3,1,Fury,Women,2018
0,Yelena Gorlin,,,8,3,,4,Fury,Women,2018
0,Sarah Griffith,,,16,2,5,9,Fury,Women,2018
0,Kirstin Johnson,,'"5''4"""',4,7,4,11,Fury,Women,2018
0,Bethany Kaylor,,'"1''0"""',9,16,5,7,Fury,Women,2018
0,Sharon Lin,,'"5''1"""',1,,,1,Fury,Women,2018
0,Magon Liu,,'"5''4"""',7,6,2,6,Fury,Women,2018
0,Claire McKeever,,'"5''3"""',5,5,4,2,Fury,Women,2018
0,Marisa Mead,,,,5,1,4,Fury,Women,2018
0,Octavia Payne,,,7,10,6,6,Fury,Women,2018
0,Anna Reed,,,1,9,4,8,Fury,Women,2018
0,Katie Ryan,,,5,,2,,Fury,Women,2018
4,Alex Snyder,,,1,15,1,7,Fury,Women,2018
5,Kaela Helton,,,5,11,8,2,Fury,Women,2018
8,Nancy Sun,,,1,7,1,7,Fury,Women,2018
10,Genevieve Laroche,,,,,,,Fury,Women,2018
13,Cree Howard,,,14,11,4,10,Fury,Women,2018
15,Alden Fletcher,,,3,,3,3,Fury,Women,2018
20,Andrea Romano,,,1,5,1,2,Fury,Women,2018
27,Ness Fajardo,,'"5''6"""',,,,,Fury,Women,2018
33,Anna Nazarov,,,10,5,4,10,Fury,Women,2018
42,Darragh Clancy,,,9,1,1,1,Fury,Women,2018
44,Maggie Ruden,,,12,7,2,4,Fury,Women,2018
61,Lakshmi Narayan,,,10,3,4,3,Fury,Women,2018
77,Carolyn Finney,,'"1''0"""',7,22,6,16,Fury,Women,2018
0,Melissa Devlin,,,1,5,2,1,Molly Brown,Women,2018
2,Jesse Shofner,,,8,13,3,7,Molly Brown,Women,2018
3,Maggie Chen,,'"5''6"""',9,5,1,1,Molly Brown,Women,2018
4,Liza Minor,,,23,11,,8,Molly Brown,Women,2018
5,Nhi Nguyen,,'"5''5"""',11,1,1,2,Molly Brown,Women,2018
6,Samantha Peletier,,,7,5,2,4,Molly Brown,Women,2018
7,Paige Applegate,,'"5''7"""',8,21,7,14,Molly Brown,Women,2018
8,Victoria Elmore,,'"5''7"""',5,1,4,2,Molly Brown,Women,2018
10,Lauren Baecher,,,2,4,1,4,Molly Brown,Women,2018
11,Dena Slattery,,,4,17,6,2,Molly Brown,Women,2018
12,Liz Kaloupek,,'"5''5"""',10,,1,3,Molly Brown,Women,2018
13,Alika Johnston,,'"5''4"""',7,5,2,5,Molly Brown,Women,2018
15,Sara Taggart,,,10,15,3,13,Molly Brown,Women,2018
16,Megan Cousins,,'"5''6"""',,3,,,Molly Brown,Women,2018
18,Manuela Cardenas,,,11,18,6,14,Molly Brown,Women,2018
20,Kiera Lindgren,,'"5''3"""',5,3,5,5,Molly Brown,Women,2018
21,Chelsea Twohig,,'"5''6"""',10,6,5,3,Molly Brown,Women,2018
22,Allysha Dixon,,'"5''3"""',15,7,3,7,Molly Brown,Women,2018
24,Alex Hardesty,,,2,4,,1,Molly Brown,Women,2018
26,Lisa Pitcaithley,,'"3''5"""',11,22,5,17,Molly Brown,Women,2018
28,Sally Lambert,,,,,,,Molly Brown,Women,2018
31,Carolyn Vlach,,'"5''6"""',3,6,1,5,Molly Brown,Women,2018
42,Lisi Lohre,,,10,5,3,4,Molly Brown,Women,2018
44,Stacy Gaskill,,,6,1,4,2,Molly Brown,Women,2018
47,Rebecca Miller,,'"5''4"""',8,3,7,1,Molly Brown,Women,2018
49,Claire Chastain,,,2,10,8,16,Molly Brown,Women,2018
65,Megan Ives,,'"5''6"""',5,1,3,3,Molly Brown,Women,2018
91,Hannah Leathers,,,1,2,,,Molly Brown,Women,2018
97,Sarah Pesch,,,2,5,2,5,Molly Brown,Women,2018
0,Samantha Rodenberg,Cutter,'"1''0"""',7,2,,,Seattle Riot,Women,2018
1,Kelly Johnson,Handler,,6,9,5,3,Seattle Riot,Women,2018
2,Lucy Williams,,,,1,,1,Seattle Riot,Women,2018
3,Molly Sinnott,,,3,,,,Seattle Riot,Women,2018
5,Paige Soper,Handler,,1,7,,6,Seattle Riot,Women,2018
6,Sarah Griffith,Deep,,,,,,Seattle Riot,Women,2018
7,Calise Cardenas,Deep,,5,,1,3,Seattle Riot,Women,2018
8,Rachel Bradshaw,Deep,,4,2,1,,Seattle Riot,Women,2018
9,Qxhna Titcomb,Handler,'"5''7"""',,7,3,9,Seattle Riot,Women,2018
10,Shira Stern,Cutter,'"5''5"""',10,2,1,5,Seattle Riot,Women,2018
11,Nora Landri,Handler/Cutter,,2,,,2,Seattle Riot,Women,2018
12,Callie Mah,Handler,,1,1,1,,Seattle Riot,Women,2018
14,Hana Kawai,Deep,,8,8,2,4,Seattle Riot,Women,2018
15,Bailey Zahniser,Cutter,,4,2,,3,Seattle Riot,Women,2018
16,Cassandra Swafford,Handler/Cutter,,3,4,,1,Seattle Riot,Women,2018
17,Dominique Fontenette,Mid,,5,7,1,3,Seattle Riot,Women,2018
18,Madeline Gilbert,Cutter,'"1''0"""',3,,,1,Seattle Riot,Women,2018
19,Hannah Kreilkamp,,,5,2,,2,Seattle Riot,Women,2018
20,Kristin (Charlie) Eide,Handler/Cutter,'"5''7"""',4,4,2,3,Seattle Riot,Women,2018
21,Molly McKeon,Deep,'"5''5"""',1,,1,,Seattle Riot,Women,2018
22,Jack Verzuh,Dump,'"6''0"""',11,8,,5,Seattle Riot,Women,2018
23,Aimie Kawai,Cutter,,4,1,,,Seattle Riot,Women,2018
24,Sarah Davis,Handler,,5,,,,Seattle Riot,Women,2018
25,Alyssa Weatherford,Handler,'"5''5"""',2,19,1,3,Seattle Riot,Women,2018
27,Julia Snyder,Handler,,3,8,1,4,Seattle Riot,Women,2018
29,Lindsey Wilson,,,7,2,1,1,Seattle Riot,Women,2018
31,Stephanie Lim,Handler,,5,7,,3,Seattle Riot,Women,2018
37,Claire Trop,,'"5''6"""',11,5,5,5,Seattle Riot,Women,2018
77,Jillian Goodreau,Mid,,1,,,,Seattle Riot,Women,2018
81,Charlie Mercer,Mid,,6,6,,3,Seattle Riot,Women,2018
,Katey Forth,,,10,2,3,8,Scandal,Women,2018
0,Emma Price,Dump,'"5''5"""',2,6,,9,Scandal,Women,2018
1,Lindsay Soo,Dump,'"5''8"""',15,13,11,9,Scandal,Women,2018
2,Laurel Oldershaw,Dump,'"5''2"""',5,14,6,14,Scandal,Women,2018
3,Edith Teng,Dump,,,3,,2,Scandal,Women,2018
4,Sarah Itoh,Dump,'"5''6"""',7,5,7,16,Scandal,Women,2018
5,Anne Price,Dump,,,,,,Scandal,Women,2018
6,Lisa Kowalski,Dump,'"5''7"""',6,12,7,24,Scandal,Women,2018
7,Danielle Byers,Dump,,10,,5,1,Scandal,Women,2018
8,Kristin Franke,Deep,,1,13,8,20,Scandal,Women,2018
9,'Jessica O''Connor',Dump,,10,13,5,13,Scandal,Women,2018
11,Nada Tramonte,Dump,,28,19,4,17,Scandal,Women,2018
12,Amy Zhou,Dump,'"5''2"""',11,16,10,16,Scandal,Women,2018
13,Kathleen Ratcliff,Dump,,4,31,,32,Scandal,Women,2018
14,Colleen Giglia,Dump,'"5''4"""',6,4,,2,Scandal,Women,2018
17,Caroline Tornquist,Dump,'"5''3"""',3,5,1,2,Scandal,Women,2018
19,Verena Woloson,Dump,,,1,,,Scandal,Women,2018
20,Casey Gorman,Dump,'"5''7"""',27,14,4,26,Scandal,Women,2018
22,Lauren Allen,Dump,,20,6,9,4,Scandal,Women,2018
23,Sarah Lord,Dump,'"5''5"""',8,18,4,11,Scandal,Women,2018
24,Kelly Ross,Dump,'"5''10"""',37,29,5,23,Scandal,Women,2018
25,Michelle Carey,Dump,,4,13,5,20,Scandal,Women,2018
34,Ingrid Petterson,Dump,'"5''7"""',9,,10,12,Scandal,Women,2018
44,Keila Strick,Dump,,35,16,4,10,Scandal,Women,2018
50,Hannah Boone,Dump,,9,3,3,1,Scandal,Women,2018
55,Molly Roy,Dump,,15,7,5,7,Scandal,Women,2018
0,Anouchka Beaudry,,,,,,,6ixers,Women,2018
0,Reve Chan,,,,1,,1,6ixers,Women,2018
0,Brittney Dos Santos,,'"5''7"""',9,4,3,10,6ixers,Women,2018
0,Christine Jurychuk,,,2,,1,1,6ixers,Women,2018
0,Sarah Kidd,,,5,1,2,6,6ixers,Women,2018
0,Sara Mar,,,3,3,,8,6ixers,Women,2018
0,Destin McQuillan,,'"1''0"""',3,,,4,6ixers,Women,2018
0,Lindsay Musalem,,'"1''0"""',3,,,2,6ixers,Women,2018
0,Catherine Phillips,,'"''"""',7,19,4,12,6ixers,Women,2018
0,Lana Ramic,,,1,3,1,2,6ixers,Women,2018
0,Lillian Steponaitis,,,4,1,2,4,6ixers,Women,2018
0,Erica Tucker,,,,,,,6ixers,Women,2018
1,Krystal Dos Santos,,'"5''5"""',,,4,2,6ixers,Women,2018
7,Jeannette Quach,,,2,5,2,1,6ixers,Women,2018
11,Laura Kinoshita,,,3,4,1,2,6ixers,Women,2018
14,Miriam Tingle,,,5,5,3,7,6ixers,Women,2018
16,Jessica Chen,,,2,3,4,4,6ixers,Women,2018
17,Nicolette Bertsch,,'"5''7"""',3,2,2,1,6ixers,Women,2018
20,Lauren Kimura,,'"5''8"""',9,24,7,27,6ixers,Women,2018
22,Sarah Bobak,,'"5''7"""',8,5,2,8,6ixers,Women,2018
28,Jenna McLeod,,,14,,3,1,6ixers,Women,2018
35,Molly Lewis,,,1,9,1,14,6ixers,Women,2018
51,Sarah Innes,,,6,3,1,4,6ixers,Women,2018
90,Jordan Meron,,,5,4,3,6,6ixers,Women,2018
93,Naomi Redmond,,'"5''7"""',,1,1,1,6ixers,Women,2018
,Madeleine (Maddy) Frey,,'"5''7"""',11,1,1,5,Ozone,Women,2018
,Erynn Schroeder,,'"5''6"""',15,3,8,13,Ozone,Women,2018
0,Madison Boyd,,,1,2,2,4,Ozone,Women,2018
0,Sophie Darch,,,5,10,3,14,Ozone,Women,2018
1,Alexandra Fairley,,,5,1,,3,Ozone,Women,2018
2,Emily Lloyd,,,8,2,2,5,Ozone,Women,2018
3,Paige Carver,,'"5''0"""',11,1,3,8,Ozone,Women,2018
4,Marissa Hicks,,,8,1,4,1,Ozone,Women,2018
5,Lillian Ponitz,,'"5''9"""',3,1,3,3,Ozone,Women,2018
7,Lane Siedor,,'"5''10"""',6,3,2,6,Ozone,Women,2018
8,Samantha Daugherty,,,13,6,12,6,Ozone,Women,2018
9,Anraya Palmer,,'"1''0"""',5,6,2,10,Ozone,Women,2018
11,Kristine Fedorenko,,,3,2,6,3,Ozone,Women,2018
14,Josie Veal,,,5,4,1,3,Ozone,Women,2018
15,Katelyn Travaglini,,,22,14,8,10,Ozone,Women,2018
16,Leah Tsinajinnie,,,,6,2,17,Ozone,Women,2018
19,Kayla Emrick,,,1,5,1,2,Ozone,Women,2018
20,India Stubbs,,,4,21,,16,Ozone,Women,2018
22,Paula Seville,,,5,36,8,27,Ozone,Women,2018
24,Katherine Wooten,,'"5''11"""',5,20,1,43,Ozone,Women,2018
25,Katherine Hines,,,,,,,Ozone,Women,2018
26,Catherine Woodhurst,,'"5''10"""',7,10,7,16,Ozone,Women,2018
27,Meg Harris,,,9,3,1,2,Ozone,Women,2018
32,Haley Reese,,'"5''9"""',11,9,3,8,Ozone,Women,2018
44,Mira Walker,,,,,,,Ozone,Women,2018
69,Allison Snow,,,3,,,2,Ozone,Women,2018
71,Angela Lin,,,,,,,Ozone,Women,2018
91,Jin-Mi Matsunaga,,'"5''3"""',4,,2,5,Ozone,Women,2018
99,Marie Perivier,,,2,3,1,5,Ozone,Women,2018
0,Eliza Chang,Cutter,'"5''6"""',13,5,5,5,Nightlock,Women,2018
0,Manisha Daryani,,,16,23,6,13,Nightlock,Women,2018
0,Alison Griffith,Cutter,'"5''8"""',3,2,3,5,Nightlock,Women,2018
0,Alexandra Hasan,,'"5''8"""',6,1,2,6,Nightlock,Women,2018
0,Kimberly Long,,,1,2,1,7,Nightlock,Women,2018
0,Audrey Lyman,Cutter,'"1''0"""',17,24,4,30,Nightlock,Women,2018
0,Michelle McGhee,Handler,'"5''8"""',2,6,9,17,Nightlock,Women,2018
0,Michela Meister,,,,,,,Nightlock,Women,2018
0,'Maggie O''Connor',,,3,2,,2,Nightlock,Women,2018
0,Megan Pera,,,3,4,6,6,Nightlock,Women,2018
2,Marisa Rafter,Handler,,3,16,7,23,Nightlock,Women,2018
5,Anne Gordon,Cutter,'"5''5"""',2,2,1,2,Nightlock,Women,2018
7,Claire Sharman,Cutter,,28,5,5,11,Nightlock,Women,2018
8,Rachel Habbert,Handler,'"5''4"""',8,14,9,16,Nightlock,Women,2018
10,Angela Aie,Handler,,5,10,1,17,Nightlock,Women,2018
11,Iris Leung,Cutter,,18,16,3,10,Nightlock,Women,2018
14,Emmy Kolanz,Cutter,,3,5,4,12,Nightlock,Women,2018
19,Adrienne Lemberger,Cutter,,21,16,4,2,Nightlock,Women,2018
22,Katie Swinnerton,Handler,,,7,2,10,Nightlock,Women,2018
23,Sabrina Fong,Handler,'"1''0"""',2,17,8,17,Nightlock,Women,2018
24,Natasha Won,Handler,'"5''3"""',5,16,8,20,Nightlock,Women,2018
27,Kira Lou,Cutter,'"1''0"""',18,6,4,12,Nightlock,Women,2018
42,Jackelyne Nguyen,Cutter,,8,2,1,3,Nightlock,Women,2018
51,Shayla Harris,Cutter,,20,9,15,11,Nightlock,Women,2018
96,Patricia Anderson,Handler,'"5''5"""',5,8,6,5,Nightlock,Women,2018
0,Seraphie Allen,,'"5''8"""',,1,,1,Schwa,Women,2018
0,Shea Brennan,,'"5''2"""',2,12,1,14,Schwa,Women,2018
0,Morgan Caldwell,,,10,2,1,6,Schwa,Women,2018
0,Kimber Coles,,,12,5,4,2,Schwa,Women,2018
0,Shaelynn Davis,,'"4''4"""',1,,,,Schwa,Women,2018
0,Shannon Dennehy,,'"5''6"""',4,3,,2,Schwa,Women,2018
0,Madeleine Franz,,,10,2,9,1,Schwa,Women,2018
0,Elizabeth Longmire,,,6,3,5,6,Schwa,Women,2018
0,Emery Otopalik,,'"5''7"""',2,1,2,1,Schwa,Women,2018
0,Makena Strand,,,2,3,,1,Schwa,Women,2018
0,Georgina Tetlow,,,2,3,1,3,Schwa,Women,2018
0,Katie Weatherhead,Handler,'"1''0"""',3,3,1,1,Schwa,Women,2018
1,Emily Witt,,,,,,,Schwa,Women,2018
4,Emily Flock,,,3,,,2,Schwa,Women,2018
6,Demri Horton,,,9,5,,2,Schwa,Women,2018
8,Eva Popp,,,5,16,1,13,Schwa,Women,2018
9,Brenna Bailey,,,5,4,2,5,Schwa,Women,2018
12,Mariel Hammond,,,18,22,4,8,Schwa,Women,2018
16,Kristen Rosenblum,,'"5''9"""',1,1,3,,Schwa,Women,2018
16,Jenica Villamor,,'"5''7"""',4,2,,8,Schwa,Women,2018
18,Julia Sherwood,Handler,,6,15,2,10,Schwa,Women,2018
22,Natalie Green,Handler,'"5''2"""',6,6,,3,Schwa,Women,2018
24,Aubri Bishop,,,2,2,2,4,Schwa,Women,2018
25,Lauren Truxillo,,'"1''0"""',2,6,2,7,Schwa,Women,2018
37,Beckie Zipp,,'"5''8"""',5,10,1,9,Schwa,Women,2018
77,Sara Stratton,,,3,4,3,5,Schwa,Women,2018
99,Noelle Takahashi,,'"5''6"""',6,5,3,2,Schwa,Women,2018
0,Eileen Duffner,,'"5''9"""',10,4,,11,Nemesis,Women,2018
1,Allison Fish,,,,7,5,14,Nemesis,Women,2018
2,Elizabeth Arakaki,,,2,1,6,6,Nemesis,Women,2018
4,Monica Matsumoto,,,24,19,3,13,Nemesis,Women,2018
5,Anna Thorn,,'"5''6"""',1,6,7,14,Nemesis,Women,2018
6,Risa Umeno,,'"5''3"""',4,,3,3,Nemesis,Women,2018
8,Christina Sur,,'"5''5"""',18,8,6,12,Nemesis,Women,2018
11,Beth Daviess,,'"5''7"""',1,11,1,7,Nemesis,Women,2018
12,Jennifer Corcoran,,,7,41,11,61,Nemesis,Women,2018
13,Jessica Sipperley,,'"5''5"""',,3,,6,Nemesis,Women,2018
15,Danielle Blatt,,'"5''4"""',21,1,6,8,Nemesis,Women,2018
17,Erika Danckers,,,5,5,2,4,Nemesis,Women,2018
18,Sarah Kim,,'"1''0"""',7,5,1,10,Nemesis,Women,2018
19,Rachel Foster,,,8,8,6,26,Nemesis,Women,2018
22,Jessica LeDonne,,'"5''2"""',12,2,2,2,Nemesis,Women,2018
23,Emily Hadel,,,6,3,5,3,Nemesis,Women,2018
25,MK Andersen,,,12,2,4,3,Nemesis,Women,2018
31,Abby Shure,,,15,4,5,5,Nemesis,Women,2018
32,Carol Li,,,4,5,2,16,Nemesis,Women,2018
72,Jacqueline Jarik,,,9,13,15,25,Nemesis,Women,2018
77,Sara Miller,,,9,28,6,28,Nemesis,Women,2018
84,Sarah Lipscomb,,'"1''0"""',21,4,3,4,Nemesis,Women,2018
94,Emilie Willingham,,'"5''9"""',8,15,1,10,Nemesis,Women,2018
2,Nancy Haskell,,,22,9,10,7,Rival,Women,2018
3,Molly Barlow,,,10,5,2,10,Rival,Women,2018
5,Stephanie (Stevie) Miller,,'"5''6"""',1,4,,4,Rival,Women,2018
6,Corinn Pruitt,,'"5''6"""',9,13,9,18,Rival,Women,2018
7,Sara Nitz,,,17,1,4,4,Rival,Women,2018
8,Becky Moore,,'"5''8"""',20,9,3,10,Rival,Women,2018
9,Janine Walker,,,,1,2,8,Rival,Women,2018
10,Kristen Smiach,,,22,10,7,6,Rival,Women,2018
11,Tracey Lo,,'"4''4"""',,,,,Rival,Women,2018
12,Jessica Mast,,,,9,1,15,Rival,Women,2018
14,Theresa Zettner,,,3,10,2,10,Rival,Women,2018
15,Brittany Wright,,'"5''4"""',15,7,1,6,Rival,Women,2018
16,Sarah Craycraft,,,4,,1,1,Rival,Women,2018
18,Caitlin Harley,,,11,15,4,32,Rival,Women,2018
20,Sophia Knowles,,'"5''9"""',21,46,6,29,Rival,Women,2018
21,Mallory Griffith,,'"5''5"""',5,1,1,4,Rival,Women,2018
22,Talia Barth,,'"5''9"""',11,21,4,25,Rival,Women,2018
23,Nichole Kwee,,,3,10,2,23,Rival,Women,2018
24,Julia Weinert,,'"5''7"""',11,3,1,8,Rival,Women,2018
30,Mackenzie Fazekas,,,,9,,9,Rival,Women,2018
31,Sara Scott,,,7,9,4,12,Rival,Women,2018
38,Jennifer Perry,,,1,3,4,8,Rival,Women,2018
42,Meg Duffy,,'"5''4"""',4,8,2,15,Rival,Women,2018
44,Grace Denney,,'"10''11"""',6,4,,7,Rival,Women,2018
66,Tia Esposito,,'"5''4"""',,,3,3,Rival,Women,2018
75,Austine Lin,,,1,1,,,Rival,Women,2018
99,Iris Javersak,,,11,5,6,10,Rival,Women,2018
0,Erin Bussin,,'"5''3"""',3,2,1,2,Traffic,Women,2018
0,Betsy Chan,,,2,4,2,11,Traffic,Women,2018
0,Sophia Yik Hei Chan Chan,,,11,1,6,1,Traffic,Women,2018
0,Maria Chau,,,3,4,,4,Traffic,Women,2018
0,Nagisa Fukuoka,,,5,8,1,7,Traffic,Women,2018
0,Katie Hikida,,,1,7,,4,Traffic,Women,2018
0,Catherine Hui,,,21,21,8,14,Traffic,Women,2018
0,Laurel Jay,,,5,2,1,9,Traffic,Women,2018
0,Megan Kidston,,'"1''0"""',3,3,2,1,Traffic,Women,2018
0,Jaimie Kot,,,1,1,3,4,Traffic,Women,2018
0,Jennifer Kwok,,'"1''0"""',12,7,1,3,Traffic,Women,2018
0,Daisy Lin,,'"5''4"""',8,5,1,3,Traffic,Women,2018
0,Laura Mason,,'"5''8"""',4,10,,,Traffic,Women,2018
0,Victoria McCann,,,1,3,,1,Traffic,Women,2018
0,Rachel Moens,,,9,16,6,10,Traffic,Women,2018
0,Naomi Morcilla,,'"5''3"""',2,,,,Traffic,Women,2018
0,Zellema Mot,,,1,,,,Traffic,Women,2018
0,Michelle Ning,,,1,10,,11,Traffic,Women,2018
0,Nicola Parker,,,2,5,2,2,Traffic,Women,2018
0,Jessica Rockliff,,,7,11,1,11,Traffic,Women,2018
0,Carly Sakai,,,4,1,1,2,Traffic,Women,2018
0,Allison Short,,'"5''11"""',12,2,1,5,Traffic,Women,2018
0,Nekita Sidhho,,,2,2,,,Traffic,Women,2018
0,Louisa Thue,,,5,9,2,8,Traffic,Women,2018
0,Terri Whitehead,,,10,8,1,4,Traffic,Women,2018
0,Lisa Wong,,,3,2,1,7,Traffic,Women,2018
0,Katie Wong,,,1,4,2,1,Traffic,Women,2018
0,Julia Zhang,,'"5''7"""',8,1,,3,Traffic,Women,2018
0,Victoria Bailey,,,,,,,Stella,Women,2018
0,JULIE BOISVERT,,,,,,,Stella,Women,2018
0,Melissa Dunbar,,'"5''4"""',,,,,Stella,Women,2018
0,Alyssa Mason,,,,,,,Stella,Women,2018
0,MEGAN THOMAS,,,,,,,Stella,Women,2018
0,Becky Thompson,,'"5''6"""',,,,,Stella,Women,2018
0,Brianna VanderGriendt,,,,,,,Stella,Women,2018
1,STEPHANIE COLE,,'"5''0"""',,,,,Stella,Women,2018
2,Alisha Zhao,,,,,,,Stella,Women,2018
4,HANNAH DAWSON,,,,,,,Stella,Women,2018
6,Samantha Morris,,'"5''8"""',,,,,Stella,Women,2018
7,KATE ACHTELL,,,,,,,Stella,Women,2018
8,Taylor Stanojev,,'"5''9"""',,,,,Stella,Women,2018
10,Wynne Gee,,,,,,,Stella,Women,2018
11,Kristie Ellis,,,,,,,Stella,Women,2018
12,Anika Gnaedinger,,,,,,,Stella,Women,2018
16,Danielle Cantal,,,,,,,Stella,Women,2018
17,Alicia Racine,,'"5''9"""',,,,,Stella,Women,2018
18,ALLISON VERNEY,,,,,,,Stella,Women,2018
21,Hannah Lewis,,,,,,,Stella,Women,2018
22,MARIE-EVE GAUVIN,,,,,,,Stella,Women,2018
23,MARIE-CHRISTINE JACQUES,,,,,,,Stella,Women,2018
28,Brittney Cooke,,'"5''4"""',,,,,Stella,Women,2018
33,Emily Scott,,,,,,,Stella,Women,2018
39,CASSANDRA JAFFRAY,,'"1''0"""',,,,,Stella,Women,2018
40,Ainsley Shannon,,,,,,,Stella,Women,2018
55,Abby Millar,,,,,,,Stella,Women,2018
67,Jessie Robinson,,'"5''5"""',,,,,Stella,Women,2018
89,BRIANNA JAFFRAY,,'"1''0"""',,,,,Stella,Women,2018
91,Anne-Martine Doucet,,,,,,,Stella,Women,2018
93,Galadrielle Michaud,,,,,,,Stella,Women,2018
1,Katie Metzler,,,5,3,3,6,Showdown,Women,2018
2,Elise Bjork,,,6,17,2,19,Showdown,Women,2018
3,Domenica Sutherland,,'"5''4"""',1,6,3,13,Showdown,Women,2018
4,Cameron Bryan,,,1,1,1,3,Showdown,Women,2018
5,Andrea Esparza,,'"5''3"""',2,8,,9,Showdown,Women,2018
6,Ivy Harrison,,'"5''4"""',1,3,,4,Showdown,Women,2018
7,Laura Reed,,,5,4,2,6,Showdown,Women,2018
8,Elise Franke,,'"5''5"""',,,,1,Showdown,Women,2018
9,Laura Landis,,,6,3,1,8,Showdown,Women,2018
16,Sarah Levinn,,,20,23,6,9,Showdown,Women,2018
17,Marissa Land,,,10,4,2,8,Showdown,Women,2018
18,Laura Gerencser,,,11,4,3,6,Showdown,Women,2018
19,Tiffany Schumacher,,'"5''8"""',2,9,2,15,Showdown,Women,2018
20,Michelle Landis,,'"5''7"""',,,,,Showdown,Women,2018
21,Valerie Pinillos,,,6,7,,4,Showdown,Women,2018
22,Julia Schmaltz,,'"5''10"""',15,8,3,9,Showdown,Women,2018
23,Lillian White,,'"5''5"""',1,1,,,Showdown,Women,2018
24,Susan Gilbert,,,4,1,1,2,Showdown,Women,2018
28,Anne Ortiz,,'"5''6"""',3,6,1,13,Showdown,Women,2018
28,Mindy Radike,,'"5''8"""',,,,,Showdown,Women,2018
30,Kayla Ramirez,,,1,1,,,Showdown,Women,2018
31,Ashley Shelor,,'"5''6"""',6,4,1,5,Showdown,Women,2018
32,Rebecca Forth,,'"1''0"""',11,5,3,9,Showdown,Women,2018
46,Helen Eifert,,'"5''6"""',4,3,,3,Showdown,Women,2018
55,Bethani Eberhart,,,13,8,3,11,Showdown,Women,2018
95,Megan Mendieta,,'"5''7"""',3,4,3,3,Showdown,Women,2018
0,Erin Crider,,,,1,1,2,Wildfire,Women,2018
1,Sharon Tseng,Cutter,,2,1,1,2,Wildfire,Women,2018
2,Amy Halvorsen,,,1,1,,3,Wildfire,Women,2018
4,Kristen Pojunis,,'"5''7"""',2,9,2,9,Wildfire,Women,2018
5,'Caitlin O''Bara',,,,,,,Wildfire,Women,2018
7,Katie Ogden,,'"5''7"""',1,1,2,1,Wildfire,Women,2018
8,Alexa Cohen,Cutter,'"5''6"""',14,2,5,4,Wildfire,Women,2018
10,Christy Jarman,,'"5''10"""',3,,1,1,Wildfire,Women,2018
11,Melissa Dunn,Cutter,'"5''4"""',5,2,2,4,Wildfire,Women,2018
13,Corey Atkins,Handler,,,2,,6,Wildfire,Women,2018
14,Mei Bruist,,'"10''0"""',6,15,9,15,Wildfire,Women,2018
15,Brittany Cabriales,,'"5''5"""',,8,1,9,Wildfire,Women,2018
16,Audrey Brown,,,6,,2,3,Wildfire,Women,2018
20,Kelli Iwamoto,Handler,,6,4,1,10,Wildfire,Women,2018
25,"Lily ""Thud"" Lin",,'"5''4"""',1,1,2,8,Wildfire,Women,2018
27,Hani Pajela,,,1,,2,3,Wildfire,Women,2018
28,Stephanie Pritchard,,'"5''8"""',11,2,,5,Wildfire,Women,2018
37,Hannah Walter,,'"5''9"""',2,7,,12,Wildfire,Women,2018
44,Rayna Wachs,,,5,1,1,5,Wildfire,Women,2018
47,Dena Elimelech,,,11,5,8,7,Wildfire,Women,2018
50,Enway Melo,,'"5''3"""',2,1,,,Wildfire,Women,2018
51,Lindsay Lang,,,2,20,4,26,Wildfire,Women,2018
52,Annie Ngo,,,1,1,1,2,Wildfire,Women,2018
81,Ellen Smith,,,,,1,1,Wildfire,Women,2018
88,Veronica Eder,,'"5''10"""',8,7,5,6,Wildfire,Women,2018
0,Olivia Arellano,,,,,,,Grit,Women,2018
0,Juliet Bishop,,'"5''6"""',,,,,Grit,Women,2018
0,Jillian Du,,,,,,,Grit,Women,2018
0,Bailey Gilmore,,'"5''8"""',1,2,1,4,Grit,Women,2018
0,Marlena Luhr,,'"5''5"""',,,,,Grit,Women,2018
0,Bridget Mizener,,,,,,,Grit,Women,2018
0,Maria Pascale,,,,,,,Grit,Women,2018
0,Jill Simmerman,,,,,,,Grit,Women,2018
0,Claire Smullen,,,,,,,Grit,Women,2018
0,Jasmine Strong,,,,,,,Grit,Women,2018
0,Nami Sumida,,,,,,,Grit,Women,2018
0,Shannon Tsai,,,,,,,Grit,Women,2018
2,Lauren Privette,Cutter,'"1''0"""',,,,,Grit,Women,2018
3,Katie Judd,,'"5''6"""',,,,,Grit,Women,2018
8,Anastasia Mark,,'"5''9"""',,,,,Grit,Women,2018
11,Sarah Buxbaum,Mid,,,,,,Grit,Women,2018
14,Grace Champion,,,,,,,Grit,Women,2018
16,Grace Riley-Adams,Cutter,,,,1,,Grit,Women,2018
17,Elizabeth Pugh,Handler,'"1''0"""',2,,1,2,Grit,Women,2018
18,Lukiih Cuan,,'"5''4"""',,,,,Grit,Women,2018
24,Grace Castro,Cutter,,,1,,1,Grit,Women,2018
25,Neena Kashyap,Mid,,,,,,Grit,Women,2018
37,Carolyn Clendenin,Cutter,,,,,,Grit,Women,2018
64,Becca Arbacher,Cutter,'"5''6"""',2,2,,,Grit,Women,2018
93,Kaitlin Trenerry,Cutter,,,,,,Grit,Women,2018
0,Donna Johnston,Cutter,,,,1,,Heist,Women,2018
2,Sabrina Hoffman,Handler,'"5''6"""',6,7,6,10,Heist,Women,2018
3,Sara Gnolek,Handler,'"5''8"""',3,6,4,18,Heist,Women,2018
4,Ellie Daniels,Cutter,,1,,5,1,Heist,Women,2018
5,Rose Glinka,Handler/Cutter,,16,6,1,9,Heist,Women,2018
6,Alexandra Hu,Handler/Cutter,'"5''7"""',2,1,2,9,Heist,Women,2018
7,Austin Prucha,Cutter,,50,12,9,15,Heist,Women,2018
9,Daniela Rodriguez,Handler/Cutter,,1,4,,1,Heist,Women,2018
10,Alison Vandegrift,Cutter,'"5''9"""',3,6,3,8,Heist,Women,2018
11,Melissa Gibbs,Handler/Cutter,'"5''7"""',5,5,,,Heist,Women,2018
12,Emily Orner,Handler,,,2,2,5,Heist,Women,2018
13,Brittney Kokinos,Handler/Cutter,'"5''3"""',4,3,1,8,Heist,Women,2018
14,Rachel Enyeart,Handler/Cutter,'"5''5"""',23,8,1,7,Heist,Women,2018
16,Margaret Walker,Handler/Cutter,'"5''8"""',5,14,3,16,Heist,Women,2018
17,Lindsey Waite,Cutter,'"5''5"""',3,,,,Heist,Women,2018
22,Elizabeth Lehman,Handler,,6,11,3,22,Heist,Women,2018
23,Anna Williams,Handler/Cutter,'"5''6"""',1,5,2,5,Heist,Women,2018
24,Camila Flowerman,Cutter,'"5''9"""',17,2,5,10,Heist,Women,2018
30,Jean Huang,Handler,'"5''7"""',,6,,12,Heist,Women,2018
31,Sharon Yee,Handler,,6,5,,10,Heist,Women,2018
40,Amelia Cuarenta,Handler/Cutter,'"5''6"""',18,14,6,3,Heist,Women,2018
44,Robyn Fennig,Handler,'"5''6"""',21,80,14,43,Heist,Women,2018
70,Charlotte Francoeur,Cutter,'"5''8"""',3,,,1,Heist,Women,2018
84,Sara Stuedemann,Cutter,,2,1,,3,Heist,Women,2018
87,Emily Langland,Handler,'"5''2"""',1,5,1,10,Heist,Women,2018
99,Caitlin Murphy,Cutter,'"5''5"""',8,,8,10,Heist,Women,2018
0,Katie Backus,,,,,,,Phoenix,Women,2018
0,Kaye Eshelman,,'"5''4"""',,,,,Phoenix,Women,2018
0,Olivia Monroe,,'"5''8"""',,,,,Phoenix,Women,2018
2,Savannah Erwin,,,,1,1,6,Phoenix,Women,2018
3,Brandi Skanes,,'"5''5"""',4,8,1,3,Phoenix,Women,2018
5,Jessi Jones,,,15,29,4,10,Phoenix,Women,2018
6,Qing (Jenny) Wei,,'"5''8"""',25,29,3,15,Phoenix,Women,2018
7,Cacey-Jane Bunch,,,7,1,5,2,Phoenix,Women,2018
8,Georgia Tse,,,3,1,1,7,Phoenix,Women,2018
9,Jinny Eun,,'"5''3"""',4,7,3,10,Phoenix,Women,2018
12,Alix Robbins,,'"6''0"""',,,,,Phoenix,Women,2018
13,Amanda Murphy,,,9,4,2,4,Phoenix,Women,2018
14,Lyla Stanland,,'"5''5"""',21,13,2,13,Phoenix,Women,2018
15,Ashley Powell,,'"5''5"""',8,19,3,13,Phoenix,Women,2018
15,Carmen Tormey,,,2,1,3,1,Phoenix,Women,2018
16,Briana Campbell,,'"5''7"""',,,,,Phoenix,Women,2018
17,Jenna Dahl,,,5,,,1,Phoenix,Women,2018
21,Kyra Catabay,,,2,1,,4,Phoenix,Women,2018
22,Anne Worth,,'"5''4"""',12,6,2,6,Phoenix,Women,2018
27,Mary Rippe,,'"5''5"""',8,3,2,3,Phoenix,Women,2018
33,Kumiko Sano,,'"5''4"""',,1,,3,Phoenix,Women,2018
42,Rebecca Fagan,,,5,,2,5,Phoenix,Women,2018
52,Sydney Harris,,,1,1,,,Phoenix,Women,2018
55,Klara Calderon-Guthe,,'"6''0"""',1,2,,2,Phoenix,Women,2018
57,Elisabeth Parker,,'"5''4"""',,3,,8,Phoenix,Women,2018
58,Rowan Jaynes,,'"5''5"""',,,2,,Phoenix,Women,2018
62,Becky Widmayer,,,,2,2,3,Phoenix,Women,2018
1,Lillian Bailey,Handler/Cutter,,2,6,7,7,Pop,Women,2018
1,Rachel Johnson,Handler,'"5''4"""',2,3,3,23,Pop,Women,2018
2,Stephanie Perleberg,,,1,1,1,3,Pop,Women,2018
3,Makella Daley,,,5,27,3,49,Pop,Women,2018
4,Cassidy Kummrow,Cutter,,,2,,1,Pop,Women,2018
5,Kalli Perano,,'"5''2"""',13,13,5,20,Pop,Women,2018
7,Frances Tsukano,,,10,4,1,2,Pop,Women,2018
8,Jenny Gaynor,,'"5''6"""',12,11,4,14,Pop,Women,2018
9,Sara Helm,,,1,,1,1,Pop,Women,2018
11,Rachel Gage,,,1,5,2,6,Pop,Women,2018
12,Rebecca Enders,,,1,8,5,27,Pop,Women,2018
15,Katie Godfrey,,,4,3,3,10,Pop,Women,2018
17,Madeleine Preiss,Handler,'"5''7"""',1,,,2,Pop,Women,2018
18,Adrienne Baker,,'"5''9"""',4,3,2,5,Pop,Women,2018
19,AJ Uthe,,'"5''2"""',2,1,2,4,Pop,Women,2018
25,Courtney Kiesow,,'"5''8"""',7,8,2,15,Pop,Women,2018
26,Becca Ludford,Cutter,'"5''6"""',7,7,9,11,Pop,Women,2018
28,Jill Kiener,Cutter,,6,3,1,2,Pop,Women,2018
33,Kayla Blanek,,,17,10,7,9,Pop,Women,2018
40,Chip Chang,,'"1''0"""',4,24,4,33,Pop,Women,2018
49,Rose Gruenhagen,,,12,1,3,5,Pop,Women,2018
53,Emma Piorier,,'"1''0"""',23,5,4,8,Pop,Women,2018
77,Kristen Schultz,,'"5''2"""',11,4,4,10,Pop,Women,2018
89,Rebekah Swanson,,,16,7,2,10,Pop,Women,2018
93,Biz Cook,,,18,14,8,17,Pop,Women,2018
0,Caroline Ma,,,,,,,Underground,Women,2018
0,Akina Younge,,,2,1,,,Underground,Women,2018
1,Jessica Spaulding,,'"5''9"""',3,7,,,Underground,Women,2018
2,Alexa Yadama,,,3,,,,Underground,Women,2018
4,Nicole Cramer,,'"5''6"""',,1,,,Underground,Women,2018
5,Tiffany Phan,,'"5''0"""',,2,,,Underground,Women,2018
10,Julia Johnson,,'"5''7"""',,2,,,Underground,Women,2018
12,Katie Raynolds,,,3,1,,,Underground,Women,2018
15,Noel Hanzel,,,3,1,,,Underground,Women,2018
16,Alyssa Worsham,,,1,1,,,Underground,Women,2018
20,Sarah Naomi True,,,1,1,,,Underground,Women,2018
21,Rena Kawabata,,'"5''5"""',,,,,Underground,Women,2018
22,Elise Rasmussen,,,,,,,Underground,Women,2018
23,Anh-Thu Chang,,'"5''0"""',2,1,,,Underground,Women,2018
24,Abby Hecko,,,3,1,,,Underground,Women,2018
25,Emma Kahle,,'"1''0"""',1,4,,,Underground,Women,2018
27,Anne Silver,,,4,2,,,Underground,Women,2018
28,Nora Carr,,,5,4,,,Underground,Women,2018
31,Ikran Elmi,,,,2,,,Underground,Women,2018
32,Michaela Fallon,,,,,,,Underground,Women,2018
33,Catherine (Cate) Roscoe,,'"5''5"""',3,2,,,Underground,Women,2018
42,Madeline Stephenson,,'"6''0"""',,1,,,Underground,Women,2018
45,Alyssa Kelly,,'"5''7"""',2,2,,,Underground,Women,2018
47,Amanda Kostic,,,1,3,,,Underground,Women,2018
51,Kate Dusenbury,,,1,1,,,Underground,Women,2018
77,Taylor Hartman,,'"5''4"""',,,,,Underground,Women,2018
89,Sophia Scofield-Selby,,'"5''4"""',3,,,,Underground,Women,2018
,Nick Purifico,,,,,,,AMP,Mixed,2018
0,Nick Spiva,,,11,32,12,25,AMP,Mixed,2018
1,Robert Roos,,,18,19,6,8,AMP,Mixed,2018
2,Matt Zumbrum,,,,2,2,8,AMP,Mixed,2018
4,Raha Mozaffari,,,9,11,4,14,AMP,Mixed,2018
5,Michael Panna,,'"5''9"""',11,4,3,12,AMP,Mixed,2018
6,Kelsey Devlin,,,4,4,,9,AMP,Mixed,2018
7,Steve Rosso,,'"5''11"""',15,6,2,5,AMP,Mixed,2018
8,Luke Ryan,,'"6''2"""',15,10,12,8,AMP,Mixed,2018
9,Andrea Desabato,,,1,4,2,6,AMP,Mixed,2018
10,Spencer Deroos,,'"5''10"""',7,5,3,9,AMP,Mixed,2018
11,Ryan Flamberg,,,9,,6,3,AMP,Mixed,2018
12,Malti McKinnon,,,3,3,2,5,AMP,Mixed,2018
13,Nico Lake,,'"5''11"""',12,18,5,11,AMP,Mixed,2018
16,Richard Robinson,,,5,2,3,8,AMP,Mixed,2018
17,Stephen Ng,,'"5''7"""',3,8,4,8,AMP,Mixed,2018
18,Emily Shields,,,20,6,1,3,AMP,Mixed,2018
19,Anna Thompson,,'"5''3"""',5,5,1,2,AMP,Mixed,2018
20,Ben Pelleg,,,7,19,5,8,AMP,Mixed,2018
21,Linda Morse,,'"5''10"""',24,9,5,9,AMP,Mixed,2018
22,Allysha Dixon,,'"5''3"""',,,,,AMP,Mixed,2018
23,Natalie Bova,,,9,5,8,6,AMP,Mixed,2018
24,Danielle Walsh,,,1,3,1,3,AMP,Mixed,2018
27,Yuge Xiao,,,5,,3,,AMP,Mixed,2018
33,Calvin Trisolini,,'"6''1"""',5,16,2,11,AMP,Mixed,2018
36,Carolyn Normile,,'"5''3"""',16,16,3,17,AMP,Mixed,2018
44,Max Charles,,'"5''6"""',4,4,3,4,AMP,Mixed,2018
79,Michael Ing,,,,,,,AMP,Mixed,2018
81,Sean Mott,,,28,17,7,13,AMP,Mixed,2018
99,Eric Nardelli,,'"6''0"""',4,4,4,2,AMP,Mixed,2018
0,Abbie Abramovich,Deep,,2,2,1,3,Seattle Mixtape,Mixed,2018
0,Mark Burton,Cutter,,14,46,4,30,Seattle Mixtape,Mixed,2018
0,Ellen Goldberg,,'"5''10"""',19,7,6,14,Seattle Mixtape,Mixed,2018
0,Casey Ikeda,Handler,,1,4,1,2,Seattle Mixtape,Mixed,2018
0,Arianne Lozano,Defense (Cutter),'"5''5"""',11,6,5,13,Seattle Mixtape,Mixed,2018
1,Donald Clark,Mid,'"5''11"""',6,4,4,7,Seattle Mixtape,Mixed,2018
3,Cam Bailey,Deep,,5,15,6,12,Seattle Mixtape,Mixed,2018
4,Jesse Bolton,,,8,8,3,17,Seattle Mixtape,Mixed,2018
4,Zhi Chen,Defense (Handler),'"1''0"""',11,7,6,17,Seattle Mixtape,Mixed,2018
6,Kahyee Fong,Deep,,7,4,1,4,Seattle Mixtape,Mixed,2018
8,Meagan Kapostasy,Defense (Cutter),,,2,3,1,Seattle Mixtape,Mixed,2018
9,Jennifer Cogburn,Deep,,,,,,Seattle Mixtape,Mixed,2018
10,Lexi Garrity,Defense (Cutter),'"5''6"""',18,,7,10,Seattle Mixtape,Mixed,2018
11,Bert Abbott,Defense (Handler),'"5''6"""',5,6,4,16,Seattle Mixtape,Mixed,2018
12,Brad Houser,Mid,,29,29,8,25,Seattle Mixtape,Mixed,2018
14,Reed Hendrickson,Dump,,11,5,12,4,Seattle Mixtape,Mixed,2018
15,Drew Johnson,,'"5''8"""',,,,,Seattle Mixtape,Mixed,2018
19,Cole Johnson,,,,,,4,Seattle Mixtape,Mixed,2018
20,Grace Noah,Mid,'"5''6"""',3,3,2,16,Seattle Mixtape,Mixed,2018
22,Evan Klein,Defense (Cutter),,8,23,5,12,Seattle Mixtape,Mixed,2018
23,Nicola Bruce,Deep,'"5''1"""',3,1,,3,Seattle Mixtape,Mixed,2018
24,Alex Duffel,Defense (Handler),,5,1,2,10,Seattle Mixtape,Mixed,2018
27,Dominic Cavalero,Defense (Handler),,7,7,6,8,Seattle Mixtape,Mixed,2018
28,Claire Revere,,'"5''5"""',15,14,4,7,Seattle Mixtape,Mixed,2018
31,Henry Phan,Defense (Handler),,1,,,,Seattle Mixtape,Mixed,2018
32,Emily Smith-Wilson,Mid,,10,3,8,4,Seattle Mixtape,Mixed,2018
34,Brian Stout,Dump,'"6''4"""',18,10,2,10,Seattle Mixtape,Mixed,2018
50,Nicholas Dare,Handler,'"6''1"""',2,5,2,8,Seattle Mixtape,Mixed,2018
58,Paige Kercher,Handler,'"5''6"""',6,10,,11,Seattle Mixtape,Mixed,2018
81,Lani Nguyen,Handler/Cutter,'"5''3"""',18,6,1,7,Seattle Mixtape,Mixed,2018
99,Khalif El-Salaam,Defense (Cutter),,22,23,21,17,Seattle Mixtape,Mixed,2018
,Jessica Haller,,'"5''5"""',1,,2,,'Drag''n Thrust',Mixed,2018
,Benjamin Longchamp,,'"1''0"""',,,,,'Drag''n Thrust',Mixed,2018
0,Alicia Carr,,'"5''6"""',3,5,1,7,'Drag''n Thrust',Mixed,2018
2,Brett Sullivan,,,,2,,1,'Drag''n Thrust',Mixed,2018
3,Patrick Niles,,,1,8,1,8,'Drag''n Thrust',Mixed,2018
4,Erica Baken,,,10,22,12,20,'Drag''n Thrust',Mixed,2018
5,Greta Regan,,,3,3,,7,'Drag''n Thrust',Mixed,2018
7,Blake Trantina,,'"1''0"""',16,4,8,3,'Drag''n Thrust',Mixed,2018
8,Claire Oakley,,,6,3,,9,'Drag''n Thrust',Mixed,2018
9,Emily Regan,,,17,5,5,9,'Drag''n Thrust',Mixed,2018
10,Martha Lien,,'"5''2"""',7,5,1,7,'Drag''n Thrust',Mixed,2018
11,Jonah Malenfant,,'"6''2"""',,,,,'Drag''n Thrust',Mixed,2018
12,Marty Adams,,,36,10,13,14,'Drag''n Thrust',Mixed,2018
13,Jacob Lien,,'"5''11"""',8,20,12,15,'Drag''n Thrust',Mixed,2018
14,Austin Lien,,'"5''8"""',8,31,1,22,'Drag''n Thrust',Mixed,2018
16,Brian Schoenrock,,'"6''1"""',36,14,13,7,'Drag''n Thrust',Mixed,2018
17,James Hron,,,21,13,4,1,'Drag''n Thrust',Mixed,2018
18,Ellie Sjordal,,'"5''4"""',2,4,2,8,'Drag''n Thrust',Mixed,2018
19,Tavis Leighton,,,10,9,10,6,'Drag''n Thrust',Mixed,2018
20,Neal Hanke,,,12,16,12,16,'Drag''n Thrust',Mixed,2018
21,Tyler Thomegreene,,,4,13,5,8,'Drag''n Thrust',Mixed,2018
22,Kathryn Ritzmann,,,13,18,11,12,'Drag''n Thrust',Mixed,2018
25,Eva Maxson,,,3,3,,4,'Drag''n Thrust',Mixed,2018
31,Josh Hemmesch,,,7,5,1,3,'Drag''n Thrust',Mixed,2018
33,Jaime Glader,,'"5''1"""',12,10,6,6,'Drag''n Thrust',Mixed,2018
37,Sierra Barthen,,,7,5,,7,'Drag''n Thrust',Mixed,2018
43,Bryan Vohnoutka,,,10,12,6,9,'Drag''n Thrust',Mixed,2018
44,Sarah Meckstroth,,'"5''8"""',33,44,23,24,'Drag''n Thrust',Mixed,2018
49,Caleb Denecour,,'"5''9"""',24,14,12,11,'Drag''n Thrust',Mixed,2018
55,Charlie Schuweiler,,'"5''8"""',2,17,3,12,'Drag''n Thrust',Mixed,2018
92,Sarah Espinoza,,,3,1,,1,'Drag''n Thrust',Mixed,2018
99,Adam Meckstroth,,'"6''2"""',4,3,,2,'Drag''n Thrust',Mixed,2018
0,Georgia Bosscher,,,5,6,1,8,Space Heater,Mixed,2018
0,David Boylan-Kolchin,,'"6''1"""',3,2,2,1,Space Heater,Mixed,2018
0,Crystal Davis,,,3,1,2,1,Space Heater,Mixed,2018
0,Beau De Koninck,,,,,,,Space Heater,Mixed,2018
0,Claire Desmond,,,4,5,,4,Space Heater,Mixed,2018
0,Jenny Fey,,,9,7,,5,Space Heater,Mixed,2018
0,Joe Freund,,,4,3,1,6,Space Heater,Mixed,2018
0,Rachel Hess,,,,1,1,,Space Heater,Mixed,2018
0,Sammy Kees Humes,,'"5''11"""',,,,,Space Heater,Mixed,2018
0,Kelly Hyland,,,6,4,,4,Space Heater,Mixed,2018
0,Cody Johnston,,'"6''0"""',,2,,1,Space Heater,Mixed,2018
0,Sandra Jorgensen,,,7,2,3,4,Space Heater,Mixed,2018
0,Kyle Khalifa,,,6,2,2,2,Space Heater,Mixed,2018
0,Alan Kolick,,,3,9,5,2,Space Heater,Mixed,2018
0,Allison Maddux,,,,,1,2,Space Heater,Mixed,2018
0,Jonny Malks,,'"5''11"""',,,,,Space Heater,Mixed,2018
0,Anthony McLean,,'"6''1"""',4,1,1,5,Space Heater,Mixed,2018
0,Ryan Nam,,,3,,,,Space Heater,Mixed,2018
0,Zachary Norrbom,,'"5''8"""',7,6,1,4,Space Heater,Mixed,2018
0,Adam Raty,,,,2,,1,Space Heater,Mixed,2018
0,Erik Salmi,,'"5''11"""',,2,,,Space Heater,Mixed,2018
0,Katherine Sanz,,,,,,2,Space Heater,Mixed,2018
0,Patrick Shriwise,,,2,8,1,6,Space Heater,Mixed,2018
0,Theodore Sither,,,3,7,,1,Space Heater,Mixed,2018
0,Christine Valvo,,,1,,1,,Space Heater,Mixed,2018
0,Fred Wolf,,'"6''3"""',,,,,Space Heater,Mixed,2018
0,Shino Yoshen,,,,,1,3,Space Heater,Mixed,2018
,Leah Bar-On Simmons,,,4,1,5,4,BFG,Mixed,2018
,Sarah Benditt,,,7,4,,5,BFG,Mixed,2018
,Julia Bladin,,,4,4,2,4,BFG,Mixed,2018
,Kerry Chang,,,11,9,2,5,BFG,Mixed,2018
,David Hunzicker,,,,,,,BFG,Mixed,2018
,Rena Kawabata,,'"5''5"""',4,6,1,3,BFG,Mixed,2018
,Kieran Kelly,,'"6''2"""',4,4,,,BFG,Mixed,2018
,'Mario O''Brien',,,3,16,3,10,BFG,Mixed,2018
,Samuel Pickel,,,2,11,3,9,BFG,Mixed,2018
,Bryson Simon Fox,,,14,5,8,11,BFG,Mixed,2018
,Lindsay Simon Fox,,,25,4,5,5,BFG,Mixed,2018
,Mia Smucny,,,3,1,,1,BFG,Mixed,2018
,Kyle Terriere,,'"6''0"""',8,4,6,2,BFG,Mixed,2018
0,Andrea Coleman,,,3,2,2,5,BFG,Mixed,2018
0,Lili Gu,,,,1,,3,BFG,Mixed,2018
0,Jimmy Hooper,,'"1''0"""',1,6,2,6,BFG,Mixed,2018
0,Alexa Kirkland,,,12,4,1,9,BFG,Mixed,2018
0,Tommy Li,,,6,17,7,13,BFG,Mixed,2018
0,Aaron Richards,,,1,1,6,5,BFG,Mixed,2018
4,Andrew Hagen,,,5,5,5,5,BFG,Mixed,2018
5,Kate Kingery,,,7,3,,1,BFG,Mixed,2018
10,Adam Simon,,,3,37,2,18,BFG,Mixed,2018
11,Austin Barden,,'"6''1"""',7,7,1,2,BFG,Mixed,2018
23,Linnea Soo,Defense (Cutter),'"5''4"""',7,1,2,3,BFG,Mixed,2018
27,Jeffrey Pape,,'"1''6"""',8,16,3,14,BFG,Mixed,2018
32,Alissa Soo,,,12,1,11,6,BFG,Mixed,2018
33,Anna Maria Pape,,,3,,,1,BFG,Mixed,2018
44,Stephen Gussin,,,6,4,5,3,BFG,Mixed,2018
66,Crystal Koo,,,3,5,,4,BFG,Mixed,2018
98,Aldous Root,Dump,'"5''3"""',7,6,1,2,BFG,Mixed,2018
11,Anna Beddor,Defense (Cutter/Handler),'"5''5"""',1,,1,,Snake Country,Mixed,2018
11,Anna Chute,Handler/Cutter,,,,,,Snake Country,Mixed,2018
11,Kimberly Culpan,Handler/Cutter,'"5''9"""',7,2,1,1,Snake Country,Mixed,2018
11,David Ferraro,Defense (Cutter/Handler),'"5''11"""',4,2,3,2,Snake Country,Mixed,2018
11,Annie Fisher,Defense (Cutter/Handler),,4,,2,,Snake Country,Mixed,2018
11,Kendra Frederick,Handler/Cutter,,,,,,Snake Country,Mixed,2018
11,Brian Garcia,Handler/Cutter,,1,12,1,9,Snake Country,Mixed,2018
11,Daniel Glatt,Defense (Cutter/Handler),,2,4,1,3,Snake Country,Mixed,2018
11,Connor Hanify,Defense (Cutter/Handler),,,,,,Snake Country,Mixed,2018
11,Karoline Hart,Defense (Cutter/Handler),,3,,,1,Snake Country,Mixed,2018
11,Sarah Hemphill,Defense (Cutter/Handler),,,,,,Snake Country,Mixed,2018
11,Jake Herman,Defense (Cutter/Handler),,1,1,,1,Snake Country,Mixed,2018
11,Misha Herscu,Defense (Cutter/Handler),,,1,,3,Snake Country,Mixed,2018
11,Jonathan Hirschberger,Defense (Cutter/Handler),,2,1,,4,Snake Country,Mixed,2018
11,Isabel Jamerson,Defense (Cutter/Handler),,,,,,Snake Country,Mixed,2018
11,Nina Job,Handler/Cutter,,,,,,Snake Country,Mixed,2018
11,Sam Kittross-Schnell,Defense (Cutter/Handler),,,,,,Snake Country,Mixed,2018
11,Chelsea Leeder,Handler/Cutter,'"5''8"""',4,,,2,Snake Country,Mixed,2018
11,Ryan Levins,Handler/Cutter,'"6''3"""',,,,,Snake Country,Mixed,2018
11,Kirsten Lundquist,Defense (Cutter/Handler),,2,1,3,2,Snake Country,Mixed,2018
11,Auralyn Mackenzie,Handler/Cutter,,,,1,5,Snake Country,Mixed,2018
11,Kaelin Mackey,Defense (Cutter/Handler),,,,,,Snake Country,Mixed,2018
11,Piers MacNaughton,Handler/Cutter,,8,4,2,1,Snake Country,Mixed,2018
11,Peter Prial,Handler/Cutter,'"6''3"""',10,12,4,3,Snake Country,Mixed,2018
11,Jamie Quella,Defense (Cutter/Handler),'"6''0"""',1,8,5,4,Snake Country,Mixed,2018
11,Erin Rea,Defense (Cutter/Handler),,,1,1,,Snake Country,Mixed,2018
11,Laura Rea,Defense (Cutter/Handler),,,,,,Snake Country,Mixed,2018
11,David Reshef,Handler/Cutter,'"5''10"""',,,,,Snake Country,Mixed,2018
11,Charlie Roberts,Handler/Cutter,,,,1,,Snake Country,Mixed,2018
11,Jon Stone,Defense (Cutter/Handler),'"6''0"""',,,,,Snake Country,Mixed,2018
11,Jacob Taylor,Handler/Cutter,,3,8,1,5,Snake Country,Mixed,2018
11,Sophia Vargas,Handler/Cutter,'"5''6"""',,,,,Snake Country,Mixed,2018
11,Christopher Waite,Defense (Cutter/Handler),'"1''0"""',,5,1,7,Snake Country,Mixed,2018
11,Davis Whitehead,Defense (Cutter/Handler),,8,2,1,1,Snake Country,Mixed,2018
11,Jesse Wolf,Defense (Cutter/Handler),'"5''9"""',,,,1,Snake Country,Mixed,2018
11,Nellie Wood,Defense (Cutter/Handler),,,,,,Snake Country,Mixed,2018
11,Alexi Zalk,Handler/Cutter,,7,3,4,2,Snake Country,Mixed,2018
,Donnya Ajdari,,'"5''5"""',3,1,,,Blackbird,Mixed,2018
,Vivian Chu,,'"5''4"""',1,2,,2,Blackbird,Mixed,2018
,Molly Hallweaver,,,,,3,5,Blackbird,Mixed,2018
,Trevor Harper,,'"5''11"""',1,1,1,1,Blackbird,Mixed,2018
,Rachel Holz,,,1,2,,,Blackbird,Mixed,2018
,David Libo-on,,'"5''8"""',,,,,Blackbird,Mixed,2018
,Jacob Lohman,,,1,,1,2,Blackbird,Mixed,2018
,Raj Maitra,,,1,,,,Blackbird,Mixed,2018
,Danny Miesen,,'"5''11"""',6,9,4,3,Blackbird,Mixed,2018
,Alexandra Stambaugh,,,1,1,1,1,Blackbird,Mixed,2018
,Steve Sullivan,,,5,3,1,1,Blackbird,Mixed,2018
,Julia Ting,,,,1,,2,Blackbird,Mixed,2018
,Max Udsen,,,2,1,1,,Blackbird,Mixed,2018
0,Kara Hammer,,,4,1,1,6,Blackbird,Mixed,2018
0,Laura Moore,,,1,1,1,1,Blackbird,Mixed,2018
2,Corey Lee,,,,2,,3,Blackbird,Mixed,2018
7,Malina Wiebe,,,13,1,2,6,Blackbird,Mixed,2018
9,Adam Farren,,'"6''0"""',2,2,1,3,Blackbird,Mixed,2018
11,Barrs Lang,,,6,5,5,6,Blackbird,Mixed,2018
13,Sally Mimms,,,2,5,1,1,Blackbird,Mixed,2018
16,Vincenzo Vitiello,,'"5''10"""',13,8,6,6,Blackbird,Mixed,2018
17,John Kolb,,,5,10,,2,Blackbird,Mixed,2018
19,Ryo Kawaoka,,,7,13,1,6,Blackbird,Mixed,2018
20,Briana Cahn,,,8,6,2,1,Blackbird,Mixed,2018
30,Megan Schoellhamer,,'"5''6"""',11,2,,2,Blackbird,Mixed,2018
40,Mac Taylor,,,14,38,4,22,Blackbird,Mixed,2018
0,Hallie Dunham,,'"5''5"""',,2,,6,Love Tractor,Mixed,2018
0,Hilary Egan,,'"5''2"""',3,11,1,11,Love Tractor,Mixed,2018
0,Robin Fassett-Carman,,,2,4,2,2,Love Tractor,Mixed,2018
0,Dorothe Franklin,,'"1''0"""',2,7,3,7,Love Tractor,Mixed,2018
0,Geoa Geer,,,,,,,Love Tractor,Mixed,2018
0,Frances Gellert,,'"5''8"""',8,7,2,7,Love Tractor,Mixed,2018
0,Peter Gleason,,'"1''0"""',12,12,,6,Love Tractor,Mixed,2018
0,Matt Gleason,,,,,,,Love Tractor,Mixed,2018
0,Eric Hubbard,,'"5''11"""',,,,,Love Tractor,Mixed,2018
0,Dominic Lopez,,,6,1,,4,Love Tractor,Mixed,2018
0,Michael Lun,,,,,1,,Love Tractor,Mixed,2018
0,Christina Mickle,,'"5''8"""',,,,,Love Tractor,Mixed,2018
0,Maria Miller,,,3,,3,5,Love Tractor,Mixed,2018
0,Zachary Nager,,'"6''0"""',15,4,4,4,Love Tractor,Mixed,2018
0,Jesse Roehm,,,8,7,6,7,Love Tractor,Mixed,2018
0,Steve Schwab,,'"6''0"""',2,1,1,1,Love Tractor,Mixed,2018
0,Hilary Walker,,,16,6,2,2,Love Tractor,Mixed,2018
4,David Protter,,'"5''9"""',6,2,3,5,Love Tractor,Mixed,2018
5,Jack (John) McShane,,,13,29,3,19,Love Tractor,Mixed,2018
9,James Cantwell,,'"1''0"""',4,8,1,5,Love Tractor,Mixed,2018
11,Megan Henderson,,,11,6,,4,Love Tractor,Mixed,2018
13,Christine Kamin,,'"1''0"""',1,,,1,Love Tractor,Mixed,2018
19,Garrett Moulder,,,5,13,6,6,Love Tractor,Mixed,2018
23,Camden Kittredge,,,3,1,1,1,Love Tractor,Mixed,2018
33,David Kamin,,,4,3,,,Love Tractor,Mixed,2018
35,Kate Pearson,,,10,2,,1,Love Tractor,Mixed,2018
88,Kirsten Fahlbusch,,'"5''6"""',,2,1,6,Love Tractor,Mixed,2018
91,Matthew Zemel,,,5,3,1,6,Love Tractor,Mixed,2018
,Kara Hammer,,,,,,,Wild Card,Mixed,2018
,Albert Lee,,,,,,,Wild Card,Mixed,2018
,ALINA LI,,,,,,,Wild Card,Mixed,2018
,Robin Meyers,,,,,,,Wild Card,Mixed,2018
,Lillian Steponaitis,,,,,,,Wild Card,Mixed,2018
,Casey Terp,,,,,,,Wild Card,Mixed,2018
0,Tamar Austin,,,3,,,1,Wild Card,Mixed,2018
0,Nikhil Bhatia-Lin,,'"6''0"""',1,1,,,Wild Card,Mixed,2018
0,Joseph Carreiro,,,1,,,4,Wild Card,Mixed,2018
0,Sarah Hansen,,'"5''7"""',1,,1,,Wild Card,Mixed,2018
0,Reba Havis,,,2,8,2,6,Wild Card,Mixed,2018
0,Sarah Judd,,'"5''6"""',,,,,Wild Card,Mixed,2018
0,Luke Lanoue,Cutter,,,1,,,Wild Card,Mixed,2018
0,Evan Swiatek,,,6,5,1,5,Wild Card,Mixed,2018
0,Margo Urheim,,,,,,,Wild Card,Mixed,2018
0,Luke Webb,,,10,4,4,2,Wild Card,Mixed,2018
1,Lauren Nelson,Cutter,,2,1,,,Wild Card,Mixed,2018
2,Jodi Robert,Cutter,'"5''6"""',3,2,5,2,Wild Card,Mixed,2018
3,Ian Engler,Handler,,5,13,1,9,Wild Card,Mixed,2018
3,Cody McInnis,,,4,2,,,Wild Card,Mixed,2018
5,Andrew Pillsbury,Cutter,'"6''3"""',4,6,,3,Wild Card,Mixed,2018
7,Maxwell Rick,Handler,,5,7,6,13,Wild Card,Mixed,2018
8,Connor Fortin,Cutter,'"5''6"""',6,4,,1,Wild Card,Mixed,2018
9,John Rahill,Cutter,'"5''10"""',5,2,1,1,Wild Card,Mixed,2018
10,Annika Chan,Handler,'"5''7"""',,,2,5,Wild Card,Mixed,2018
11,Lloyd Olson,Cutter,'"6''0"""',,2,,,Wild Card,Mixed,2018
14,Hannah Crowley,Cutter,'"5''4"""',,,1,,Wild Card,Mixed,2018
15,Claire Dunn,Deep,,,6,1,3,Wild Card,Mixed,2018
21,Eva Petzinger,Handler/Cutter,,9,3,4,6,Wild Card,Mixed,2018
25,Judy Ledlee,Cutter,,3,2,1,5,Wild Card,Mixed,2018
30,Kyle Johnson,Handler,,10,9,2,3,Wild Card,Mixed,2018
34,Gustav Haflin,Cutter,'"6''3"""',7,3,4,1,Wild Card,Mixed,2018
37,Matthew Heath,Handler,'"6''2"""',10,9,2,3,Wild Card,Mixed,2018
42,Anthony Lamanna,Deep,'"6''5"""',,,,,Wild Card,Mixed,2018
73,Katharine Sullivan,Cutter,'"1''1"""',2,1,,,Wild Card,Mixed,2018
84,Alex Kapinos,Cutter,,8,4,1,4,Wild Card,Mixed,2018
88,Hailey Alm,Cutter,,1,3,,,Wild Card,Mixed,2018
0,Kasey Anderson,,'"6''3"""',,,,,shame.,Mixed,2018
0,Dan Bush,,,,,,,shame.,Mixed,2018
0,Emlia Garcia,,'"6''0"""',1,1,2,5,shame.,Mixed,2018
0,Kevin Herrera,,'"6''0"""',1,11,1,9,shame.,Mixed,2018
0,Christina McDowell,,,2,,,1,shame.,Mixed,2018
2,Hugh Carey,,,,,,,shame.,Mixed,2018
3,Kelcie Glick,,,1,,,1,shame.,Mixed,2018
7,Emily Hanson,,,,,,3,shame.,Mixed,2018
8,Bailey Russel,,,,1,,5,shame.,Mixed,2018
9,Nate Roth,,,2,2,1,4,shame.,Mixed,2018
10,Doug Stenclik,,,12,21,6,19,shame.,Mixed,2018
11,Danielle Love,,,2,,1,,shame.,Mixed,2018
13,Kyle Enns,,,,1,,3,shame.,Mixed,2018
14,Jade McLaughlin,,'"5''6"""',1,,,,shame.,Mixed,2018
16,Nick Lance,,,1,20,4,14,shame.,Mixed,2018
20,Christopher Ryan Morgan,,,,4,1,3,shame.,Mixed,2018
21,"Joseph ""Smash"" Anderson",,,10,,,2,shame.,Mixed,2018
23,Peter Raines,,,1,5,4,3,shame.,Mixed,2018
24,Zackary Fleming,,'"6''0"""',28,10,2,6,shame.,Mixed,2018
25,Nicholas Snuszka,,'"6''1"""',10,2,5,1,shame.,Mixed,2018
27,Chris Gauen,,'"6''2"""',2,2,1,,shame.,Mixed,2018
31,Alexandra Daniels,,,4,1,,2,shame.,Mixed,2018
31,Jana Krutsinger,,,,3,1,3,shame.,Mixed,2018
46,Chelsea Cotton,,,,,,,shame.,Mixed,2018
48,Aubree Dietrich,,'"5''7"""',24,3,1,3,shame.,Mixed,2018
51,Spencer Tibbs,,,6,3,3,5,shame.,Mixed,2018
52,Marilyn Reich,,,6,14,2,9,shame.,Mixed,2018
56,Jacob Juszak,Dump,'"6''3"""',5,8,1,4,shame.,Mixed,2018
69,Adrienne Altobelli,,'"5''7"""',1,1,2,,shame.,Mixed,2018
85,Vinny Fiacco,,'"6''2"""',2,3,3,2,shame.,Mixed,2018
97,Andrea Uhl,,'"5''6"""',,,,,shame.,Mixed,2018
,Daniel Glatt,,,,,,,Slow White,Mixed,2018
,Mary Glickman,,,,,,,Slow White,Mixed,2018
,Kirsten Lundquist,,,,,,,Slow White,Mixed,2018
,Steve Sullivan,,,,,,,Slow White,Mixed,2018
,Alexi Zalk,,,,,,,Slow White,Mixed,2018
0,Rosalyn Ano,,,,1,1,3,Slow White,Mixed,2018
0,Hannah Baranes,,,3,7,,4,Slow White,Mixed,2018
0,Patrick Barron,,'"6''2"""',14,4,6,11,Slow White,Mixed,2018
0,Emilia (Mia) Bladin,,,,,,,Slow White,Mixed,2018
0,Ryan Cardinal,,'"5''9"""',1,9,,12,Slow White,Mixed,2018
0,Vicki Chang,,'"5''5"""',4,7,,15,Slow White,Mixed,2018
0,Shaun Doherty,,'"5''11"""',10,4,5,3,Slow White,Mixed,2018
0,Thomas Ferguson,,'"5''11"""',3,11,5,2,Slow White,Mixed,2018
0,Caitlin Fitzgerald,,'"5''5"""',4,2,6,9,Slow White,Mixed,2018
0,David Friedman,,,9,4,1,6,Slow White,Mixed,2018
0,Caitlin Go,,,12,4,2,4,Slow White,Mixed,2018
0,Leanne Go,,'"5''5"""',6,4,4,3,Slow White,Mixed,2018
0,Olivia Hampton,,,2,4,2,10,Slow White,Mixed,2018
0,Walker Hatchett,,,7,14,12,4,Slow White,Mixed,2018
0,Todd Herman,,,3,1,,1,Slow White,Mixed,2018
0,Tess Johnson,,,13,3,3,7,Slow White,Mixed,2018
0,Shaun Krieger,,,4,4,1,5,Slow White,Mixed,2018
0,Eli Motycka,,'"3''0"""',10,7,,6,Slow White,Mixed,2018
0,Arielle Nelson,,'"5''8"""',2,6,1,11,Slow White,Mixed,2018
0,Marcel Oliart,,'"6''2"""',8,6,2,5,Slow White,Mixed,2018
0,Emilia Scheemaker,,'"5''9"""',3,,,3,Slow White,Mixed,2018
0,Eric Shaw,,,3,4,3,7,Slow White,Mixed,2018
0,Jeff Smith,,,2,5,,8,Slow White,Mixed,2018
0,Amy Stoddard,,'"1''2"""',7,1,5,5,Slow White,Mixed,2018
0,Ivan Tran,,'"2''3"""',6,6,4,5,Slow White,Mixed,2018
0,Ryan Turner,,'"6''1"""',23,7,7,7,Slow White,Mixed,2018
0,Rachael Westgate,,,7,3,2,10,Slow White,Mixed,2018
0,Ryan Woodhouse,,'"5''11"""',1,,,2,Slow White,Mixed,2018
10,Michael Miller,,,,,,,Slow White,Mixed,2018
12,Christopher Waite,Dump,'"1''0"""',,,,,Slow White,Mixed,2018
21,Tannor Johnson,,'"6''3"""',,,,,Slow White,Mixed,2018
24,Andy Schachter,,'"5''10"""',2,3,2,13,Slow White,Mixed,2018
25,Alexander Trahey,,,9,45,4,29,Slow White,Mixed,2018
89,Annie Fisher,,,,,,,Slow White,Mixed,2018
0,Veronica Cruz,,'"5''2"""',1,4,,,Mischief,Mixed,2018
2,Corinne Hanson,,,,1,,1,Mischief,Mixed,2018
3,Preeti Nalavade,,,,4,4,3,Mischief,Mixed,2018
4,Michael Dirda,,,2,1,,2,Mischief,Mixed,2018
6,James Hansell,,,4,,,1,Mischief,Mixed,2018
7,Devon Williams,,'"5''10"""',13,2,1,2,Mischief,Mixed,2018
8,Julia Butterfield,,'"5''10"""',5,3,4,2,Mischief,Mixed,2018
10,Elliott Chartock,,,5,16,5,6,Mischief,Mixed,2018
10,Brett Petersen,,,,,,,Mischief,Mixed,2018
11,Cody Kirkland,,'"1''0"""',10,11,3,7,Mischief,Mixed,2018
12,Candice Tse,,'"5''1"""',1,1,,4,Mischief,Mixed,2018
13,Robin Meyers,,,1,12,4,15,Mischief,Mixed,2018
14,Young Soo (Ellen) Rim,,'"5''3"""',3,1,2,3,Mischief,Mixed,2018
15,Nathan Young,,'"5''9"""',6,3,3,3,Mischief,Mixed,2018
17,Julia Kwasnick,,'"5''10"""',7,2,1,1,Mischief,Mixed,2018
18,Caitlin Rugg,,,,1,1,3,Mischief,Mixed,2018
19,Sean Childers,,'"1''0"""',4,4,4,1,Mischief,Mixed,2018
20,Jenny Wang,,,2,1,1,3,Mischief,Mixed,2018
22,Eric Rivera,,'"6''3"""',3,1,3,1,Mischief,Mixed,2018
23,Jordan Jeffery,,,5,2,3,11,Mischief,Mixed,2018
25,Audrey Wei,,,10,5,2,5,Mischief,Mixed,2018
29,V.Y. Chow,,'"5''6"""',8,2,2,3,Mischief,Mixed,2018
30,Han Chen,,'"10''11"""',5,13,2,10,Mischief,Mixed,2018
33,Scott Gatto,,,4,2,3,2,Mischief,Mixed,2018
47,Gina Schumacher,,,14,3,2,5,Mischief,Mixed,2018
72,Devin Drewry,,,2,3,,1,Mischief,Mixed,2018
77,Emily Prader,,'"5''5"""',5,3,2,3,Mischief,Mixed,2018
80,Kevin Smith,,'"6''0"""',3,22,4,11,Mischief,Mixed,2018
99,Max de Visser,,'"6''1"""',8,5,1,3,Mischief,Mixed,2018
1,Sam Landesberg,,'"6''2"""',8,1,,,Birdfruit,Mixed,2018
2,Luke Jesperson,,,2,1,,,Birdfruit,Mixed,2018
3,Martha Russell,,,2,,,,Birdfruit,Mixed,2018
4,Corinne Pingul,,,4,4,,,Birdfruit,Mixed,2018
5,Christian Brink,,,2,1,,,Birdfruit,Mixed,2018
6,Laura Noges,,'"5''9"""',1,2,,,Birdfruit,Mixed,2018
7,Nicole Bayard,,,4,,,,Birdfruit,Mixed,2018
8,Natalie Powell,,,,,,,Birdfruit,Mixed,2018
10,Jeff Gayle,,'"5''10"""',4,3,,,Birdfruit,Mixed,2018
11,Laura Manson,,,3,6,,,Birdfruit,Mixed,2018
13,Gabe Ryan,,'"5''11"""',1,1,,,Birdfruit,Mixed,2018
14,Peter Geertz-Larson,,,4,6,,,Birdfruit,Mixed,2018
15,Samuel Dinning,,,1,2,,,Birdfruit,Mixed,2018
18,Ellen Kalenscher,,,,1,,,Birdfruit,Mixed,2018
21,Dylan Harrington,,,6,2,,,Birdfruit,Mixed,2018
22,Lacy Clark,,,1,1,,,Birdfruit,Mixed,2018
23,Kyle Ord,,'"5''9"""',,1,,,Birdfruit,Mixed,2018
24,Andrew Lynch,,'"5''10"""',6,9,,,Birdfruit,Mixed,2018
31,Natalie Jamerson,,,2,,,,Birdfruit,Mixed,2018
33,Spencer Sheridan,,'"5''10"""',,,,,Birdfruit,Mixed,2018
40,Ky Lewis IV,,'"1''0"""',2,12,,,Birdfruit,Mixed,2018
41,Clay Dewey-Valentine,,'"5''7"""',4,5,,,Birdfruit,Mixed,2018
42,Laura Pape,,,1,,,,Birdfruit,Mixed,2018
44,Margo Heffron,,'"5''11"""',2,6,,,Birdfruit,Mixed,2018
47,Walker Bohannan,,'"6''1"""',1,1,,,Birdfruit,Mixed,2018
67,Kelley Hall,,'"5''5"""',,1,,,Birdfruit,Mixed,2018
70,Tamara Hass,,,3,,,,Birdfruit,Mixed,2018
77,Ben McGinn,,,,,,,Birdfruit,Mixed,2018
0,Brielle Le Clear,,'"6''0"""',2,,,2,Toro,Mixed,2018
1,Kirkwood Alex Cloud,,'"1''0"""',2,4,1,3,Toro,Mixed,2018
2,Margie Quinn,,,,1,3,4,Toro,Mixed,2018
3,Dean Culver,,,1,2,,,Toro,Mixed,2018
5,Matthew Thomas,,,1,1,,5,Toro,Mixed,2018
7,Lyra Olson,,,1,1,2,6,Toro,Mixed,2018
8,Heather Zimmerman,,,19,13,,8,Toro,Mixed,2018
9,George Guthrie,,,1,4,2,5,Toro,Mixed,2018
10,Theran Riedel,,,3,1,2,,Toro,Mixed,2018
11,Maureen Belko,,'"5''7"""',,,,,Toro,Mixed,2018
11,Rica Melissa Garcia,,'"5''1"""',2,,,,Toro,Mixed,2018
11,Emma Peaslee,,,3,3,1,2,Toro,Mixed,2018
13,Kathryn Morrison,,,3,,3,2,Toro,Mixed,2018
14,Tanner Barcus,,'"6''1"""',16,8,6,7,Toro,Mixed,2018
15,Kerry Green,,,3,,,1,Toro,Mixed,2018
17,Dylan Shields,,'"6''0"""',4,1,,,Toro,Mixed,2018
19,'Tracy d''Arbeloff',,'"5''8"""',,,,,Toro,Mixed,2018
21,Vikram Sethuraman,,,9,4,3,2,Toro,Mixed,2018
22,Lucas Darden,,,4,10,2,13,Toro,Mixed,2018
25,Michael Pannone,,,11,6,7,3,Toro,Mixed,2018
27,Toni Gomes,,,4,2,,,Toro,Mixed,2018
30,Gentry Maddox,,,,,,,Toro,Mixed,2018
31,Alex Kaja,,'"5''9"""',6,17,,7,Toro,Mixed,2018
32,Jake Coleman,,'"6''3"""',8,1,6,,Toro,Mixed,2018
34,Tristan Green,,,3,14,4,12,Toro,Mixed,2018
43,Matthew Wilson,,,7,10,4,7,Toro,Mixed,2018
47,Ian Lawson,,,4,4,,2,Toro,Mixed,2018
66,Paul Weeks,,'"6''0"""',6,8,1,4,Toro,Mixed,2018
88,Christine Bookhout,,,16,9,3,6,Toro,Mixed,2018
95,Jackie Wang,,,10,11,5,8,Toro,Mixed,2018
0,Vespera Aragon,,,,,,,Lochsa,Mixed,2018
1,James Dahl,,'"5''10"""',,,,,Lochsa,Mixed,2018
2,Justin Solace,,,,,,,Lochsa,Mixed,2018
3,Amy Norris,,'"5''3"""',,,,,Lochsa,Mixed,2018
5,Trenton Pearsall,,,,,,,Lochsa,Mixed,2018
6,Oliver Atkinson,,'"2''5"""',,,,,Lochsa,Mixed,2018
8,Levi Archuleta,Handler,'"6''0"""',,,,,Lochsa,Mixed,2018
11,Brittany Ward,,,,,,,Lochsa,Mixed,2018
12,Suzie Walter,,,,,,,Lochsa,Mixed,2018
13,Ben Whitehead,,'"5''10"""',,,,,Lochsa,Mixed,2018
17,Ian Dipace,,'"1''0"""',,,,,Lochsa,Mixed,2018
19,Maria Quiones,,,,,,,Lochsa,Mixed,2018
20,Camron Newton,,,,,,,Lochsa,Mixed,2018
21,Kelsey Breen,,,,,,,Lochsa,Mixed,2018
22,Jai Bansal,,'"5''9"""',,,,,Lochsa,Mixed,2018
22,Ryan Van Hook,,'"5''9"""',,,,,Lochsa,Mixed,2018
24,Sarah Staller,,,,,,,Lochsa,Mixed,2018
26,Andrea Kuenzli,,,,,,,Lochsa,Mixed,2018
27,Shannon Montao,,,,,,,Lochsa,Mixed,2018
28,Daniel White,,'"6''2"""',,,,,Lochsa,Mixed,2018
29,Jack Kingsley,,'"6''3"""',,,,,Lochsa,Mixed,2018
33,Ben Nalezny,,,,,,,Lochsa,Mixed,2018
34,Reid Spain-Strombom,,,,,,,Lochsa,Mixed,2018
36,Kevin Farrell,,'"5''11"""',,,,,Lochsa,Mixed,2018
38,Cori Bigham,,,,,,,Lochsa,Mixed,2018
50,Ryan Hahn,,,,,,,Lochsa,Mixed,2018
77,Amanda Porter,,,,,,,Lochsa,Mixed,2018
88,Rebecca Hamilton,,'"5''8"""',,,,,Lochsa,Mixed,2018
,Sam Loveland,,,,,,,NOISE,Mixed,2018
0,Brian Hart,,,,,,,NOISE,Mixed,2018
0,Stephen Haynes,,'"5''7"""',,,,,NOISE,Mixed,2018
0,Brittany Hoegh,,,,,,,NOISE,Mixed,2018
0,Ashley Leyden,Dump,'"5''4"""',,,,,NOISE,Mixed,2018
0,Ben Parrell,,'"5''9"""',,,,,NOISE,Mixed,2018
0,Gordon Peterson,,'"4''7"""',,,,,NOISE,Mixed,2018
0,Kyle Weigand,,,13,1,1,6,NOISE,Mixed,2018
1,Francis Kelley,,,,2,,1,NOISE,Mixed,2018
3,Tanner Mayo,,'"6''2"""',,,,,NOISE,Mixed,2018
3,Cody Rebholz,,,1,4,2,4,NOISE,Mixed,2018
5,Eric Alexander,,,,,,,NOISE,Mixed,2018
6,Ian Hahn,,'"5''10"""',13,6,2,4,NOISE,Mixed,2018
7,Vanessa Cannaday,,'"5''5"""',3,,4,1,NOISE,Mixed,2018
8,Maria Signore Becker,,'"5''6"""',2,1,3,3,NOISE,Mixed,2018
9,Josh Wilson,,'"6''2"""',6,14,4,7,NOISE,Mixed,2018
10,Thomas Annen,,'"5''11"""',1,6,3,7,NOISE,Mixed,2018
10,Kristen Brenner,,'"5''2"""',,,,,NOISE,Mixed,2018
10,Jack Nelson,,'"6''2"""',,,,,NOISE,Mixed,2018
12,Chris Wilen,,,,,,,NOISE,Mixed,2018
13,Tessa Berry,,,,,,,NOISE,Mixed,2018
13,Becky LeDonne,,'"5''7"""',1,8,1,7,NOISE,Mixed,2018
15,Carl Deffenbaugh,,,,,,,NOISE,Mixed,2018
16,Frank Qin,,'"6''0"""',3,7,1,9,NOISE,Mixed,2018
17,Emily Dayton,,,5,1,3,3,NOISE,Mixed,2018
18,Sarah Mondschein,,,,,,,NOISE,Mixed,2018
19,Haley Hudson,,,1,1,,3,NOISE,Mixed,2018
20,Lauren Perucco,,'"5''5"""',2,2,1,1,NOISE,Mixed,2018
24,Dayu Liu,,,6,7,1,22,NOISE,Mixed,2018
25,Joann Wong,,,,1,,3,NOISE,Mixed,2018
26,Kayla Patterson,,'"5''6"""',4,1,3,7,NOISE,Mixed,2018
27,Mary VanDuyne,,'"5''4"""',,1,1,3,NOISE,Mixed,2018
29,Christopher Reichel,,'"6''0"""',,,,,NOISE,Mixed,2018
29,Peter Scott,,'"6''3"""',,,,,NOISE,Mixed,2018
30,Natan Lee-Engel,,,6,4,,8,NOISE,Mixed,2018
31,Marianna Malin,,'"5''3"""',,,,,NOISE,Mixed,2018
31,Michelle VanSchyndel,,,,,,,NOISE,Mixed,2018
33,Katy Stanton,,,2,3,2,1,NOISE,Mixed,2018
34,Matthew Becker,,'"6''2"""',1,7,2,5,NOISE,Mixed,2018
41,Jenni Davern,,'"5''6"""',,,1,2,NOISE,Mixed,2018
43,Kevin Cannaday,,,2,2,2,3,NOISE,Mixed,2018
53,Arjun Kumar,,'"3''5"""',1,1,1,3,NOISE,Mixed,2018
60,Claire Cech,,,2,1,,5,NOISE,Mixed,2018
77,Jack Kelly,,'"5''11"""',7,1,2,2,NOISE,Mixed,2018
88,Claire Kelley,,'"1''0"""',,,,,NOISE,Mixed,2018
0,Nicholas Alexander,,'"5''8"""',2,2,1,16,Polar Bears,Mixed,2018
0,Jesse Buchsbaum,,'"6''9"""',6,2,1,12,Polar Bears,Mixed,2018
0,Aaron Hom,,'"5''6"""',3,,,1,Polar Bears,Mixed,2018
0,Sean Liston,,,,,,,Polar Bears,Mixed,2018
0,Bob Madden,,'"6''3"""',,2,4,4,Polar Bears,Mixed,2018
0,Alexander Max,,,6,,2,6,Polar Bears,Mixed,2018
0,Sara Nolan,,,,2,1,1,Polar Bears,Mixed,2018
0,Andrew Ouyang,,,5,1,4,,Polar Bears,Mixed,2018
0,Krista Smith,,'"5''3"""',,1,1,1,Polar Bears,Mixed,2018
0,Margot Stert,,'"5''9"""',2,3,3,3,Polar Bears,Mixed,2018
0,Ian Sweeney,,'"6''3"""',3,13,8,14,Polar Bears,Mixed,2018
0,Ryan Takayama,,'"5''9"""',1,2,,,Polar Bears,Mixed,2018
2,Molly Munson,,,,5,3,3,Polar Bears,Mixed,2018
4,Gabriel Edwards,Cutter,,,,,,Polar Bears,Mixed,2018
5,Aaron Shi,,,1,,,,Polar Bears,Mixed,2018
6,Cheryl Hsu,,,3,3,3,7,Polar Bears,Mixed,2018
9,Gregory Marliave,,,7,12,4,6,Polar Bears,Mixed,2018
12,Ziyue Chen,,,,,,,Polar Bears,Mixed,2018
14,Kate Schlag,,,4,1,2,2,Polar Bears,Mixed,2018
15,Nick Tolfa,,'"6''0"""',8,4,2,6,Polar Bears,Mixed,2018
19,Christopher Cogswell,,'"6''2"""',3,1,,3,Polar Bears,Mixed,2018
21,Dulcy Docken,,,,3,1,6,Polar Bears,Mixed,2018
24,Joe Thompson,,'"6''2"""',6,2,1,7,Polar Bears,Mixed,2018
25,Daniel Naruo,,'"5''9"""',8,14,1,8,Polar Bears,Mixed,2018
28,Catherine Chen,,,,1,,2,Polar Bears,Mixed,2018
29,Amanda Meroux,,,4,3,1,4,Polar Bears,Mixed,2018
52,Samantha Applegate,,,5,1,1,3,Polar Bears,Mixed,2018
82,Anchi Tsou,,,4,3,1,6,Polar Bears,Mixed,2018
88,Linh Hoang,,'"1''0"""',1,1,,3,Polar Bears,Mixed,2018
,Rachel Alfano,,,,,,,Loco,Mixed,2018
,Jeffrey Andrews,,'"1''0"""',,,,,Loco,Mixed,2018
,Jessica Brand,,,,,,,Loco,Mixed,2018
,Steven Broome,,,,,,,Loco,Mixed,2018
,Ashley Cantasano,,,,,,,Loco,Mixed,2018
,Ian Coyne,,,,,,,Loco,Mixed,2018
,Sarah Coyne,,'"5''5"""',,,,,Loco,Mixed,2018
,Justin Creighton,,'"5''8"""',,,,,Loco,Mixed,2018
,Andrew Creighton,,,,,,,Loco,Mixed,2018
,Ben Crescenzo,,,,,,,Loco,Mixed,2018
,Ryan Dealy,,'"6''4"""',,,,,Loco,Mixed,2018
,Samuel Esser,,,,,,,Loco,Mixed,2018
,Ryan Forster,,'"2''2"""',,,,,Loco,Mixed,2018
,Declan French,,,,,,,Loco,Mixed,2018
,Will Hoehne,,,,,,,Loco,Mixed,2018
,Austin Lillis,,'"5''10"""',,,,,Loco,Mixed,2018
,Elena Lopez,,'"5''1"""',,,,,Loco,Mixed,2018
,Christopher Pokorny,,,,,,,Loco,Mixed,2018
,Ashwin Pothukuchi,,'"6''1"""',,,,,Loco,Mixed,2018
,Sarah Roberts,,,,,,,Loco,Mixed,2018
,Dustin Sullivan,,,,,,,Loco,Mixed,2018
,Beata Szekeres,,,,,,,Loco,Mixed,2018
,Kenneth Wells,,'"6''7"""',,,,,Loco,Mixed,2018
,Regina Wilkinson,,'"1''0"""',,,,,Loco,Mixed,2018
,Robert Yu,,'"5''10"""',,,,,Loco,Mixed,2018
0,Rachel Crew,,,,,,,Loco,Mixed,2018
0,Lindsay McKenna,,,,,,,Loco,Mixed,2018
0,Eileen Peach Regan,,'"5''7"""',,,,,Loco,Mixed,2018
0,Dana Rose,Cutter,,,,,,Bucket,Mixed,2018
1,James ONeal (Neal) Hollis,Cutter,,,,,,Bucket,Mixed,2018
2,Cori Bradham,Cutter,'"1''0"""',,,,,Bucket,Mixed,2018
3,Aidan Rogers,Handler,'"5''9"""',,,,,Bucket,Mixed,2018
4,RYAN ARCHIBALD,Cutter,'"6''0"""',,,,,Bucket,Mixed,2018
5,Emily Karoblis,Cutter,,,,,,Bucket,Mixed,2018
6,Beret Amundson,Cutter,,,,,,Bucket,Mixed,2018
7,katherine yost,Cutter,'"5''1"""',,,,,Bucket,Mixed,2018
8,Tim Brady,Handler,,,,,,Bucket,Mixed,2018
9,Patrick Dougherty,Cutter,'"6''0"""',,,,,Bucket,Mixed,2018
10,Michael Venezia,Cutter,,,,,,Bucket,Mixed,2018
13,MATTHEW HARDMAN,Handler/Cutter,,,,,,Bucket,Mixed,2018
14,Jenny Choi,Handler,'"1''0"""',,,,,Bucket,Mixed,2018
16,Kenta Kawaguchi,Cutter,'"1''0"""',,,,,Bucket,Mixed,2018
21,Michael Arenson,Handler/Cutter,'"6''2"""',,,,,Bucket,Mixed,2018
23,Elizabeth Jones,Handler,,,,,,Bucket,Mixed,2018
24,Jason Crowe,Cutter,,,,,,Bucket,Mixed,2018
25,robert bradham,Cutter,'"3''7"""',,,,,Bucket,Mixed,2018
29,Katie Franchot,Cutter,,,,,,Bucket,Mixed,2018
30,Conor Brownell,Handler/Cutter,'"5''11"""',,,,,Bucket,Mixed,2018
33,Caroline Taylor,Cutter,,,,,,Bucket,Mixed,2018
41,RYAN SIMMONS,Cutter,,,,,,Bucket,Mixed,2018
44,SAMANTHA HILL,Cutter,'"5''7"""',,,,,Bucket,Mixed,2018
55,Evelina Pierce,Cutter,'"5''10"""',,,,,Bucket,Mixed,2018
58,Brian Walsh,,,,,,,Bucket,Mixed,2018
63,Ahna Weeks,Cutter,'"1''0"""',,,,,Bucket,Mixed,2018
83,Shanye Crawford,Cutter,,,,,,Bucket,Mixed,2018
96,Logan Bonds,Cutter,,,,,,Bucket,Mixed,2018
0,Anna Hagstrom,,,10,,3,1,No Touching!,Mixed,2018
2,Jolien Munsterhuis,,,6,1,1,3,No Touching!,Mixed,2018
3,Brenna Sund,,,,,,1,No Touching!,Mixed,2018
4,Tony Michaelson,,,,2,,2,No Touching!,Mixed,2018
5,Liam Shramko,,,1,2,,,No Touching!,Mixed,2018
7,Brianna Andrighetti,,'"5''3"""',3,1,,1,No Touching!,Mixed,2018
9,Tyler McKean,,'"1''0"""',3,,,4,No Touching!,Mixed,2018
13,Paul Norgaard,,,2,29,4,19,No Touching!,Mixed,2018
14,Ben Nelson,,'"6''2"""',3,7,5,7,No Touching!,Mixed,2018
15,Elisabeth Biehl,,,4,4,2,3,No Touching!,Mixed,2018
16,Lindsay Trosvig,,'"5''6"""',5,5,2,1,No Touching!,Mixed,2018
17,Kristina Golling,,'"5''9"""',7,,2,4,No Touching!,Mixed,2018
18,Jeffrey Trosvig,,'"5''11"""',,,,,No Touching!,Mixed,2018
19,Alyson (Sunny) Gagner,,'"1''0"""',1,,2,2,No Touching!,Mixed,2018
20,Jimmy James McDonald,,,20,4,4,7,No Touching!,Mixed,2018
24,Justin Simanson,,,8,27,3,26,No Touching!,Mixed,2018
26,Joe Andrighetti,,'"6''1"""',3,9,,7,No Touching!,Mixed,2018
27,Michael Swain,,'"6''0"""',3,1,4,4,No Touching!,Mixed,2018
29,Samuel Pepe,,,4,9,1,8,No Touching!,Mixed,2018
31,Anna Shanedling,,,,3,1,8,No Touching!,Mixed,2018
32,Rachel Elbing,,,6,,2,2,No Touching!,Mixed,2018
33,Graham Brayshaw,,,14,10,2,,No Touching!,Mixed,2018
38,Arthi Padmanabhan,,,2,,4,5,No Touching!,Mixed,2018
42,Sam Valesano,,,42,24,3,11,No Touching!,Mixed,2018
64,Michael Lin,,'"5''3"""',6,7,12,14,No Touching!,Mixed,2018
78,Jeremy Keiser,,'"5''9"""',3,7,1,5,No Touching!,Mixed,2018
81,Kevin Ryan,,'"6''0"""',2,8,1,5,No Touching!,Mixed,2018
83,Jeremiah Gagner,,'"6''0"""',4,3,3,4,No Touching!,Mixed,2018
88,Patrick Jensen,,'"6''4"""',11,20,2,15,No Touching!,Mixed,2018
96,Brian Edgerton,,'"6''0"""',1,5,2,19,No Touching!,Mixed,2018
