Team,Number,Player,Position,Height,Goals,Assists,Ds,Turnovers,Division
Revolver,0,Lior Givol,,"1'0""",1,0,1,1,Open
Revolver,1,Simon Higgins,Deep,,8,5,1,2,Open
Revolver,2,Kevin Cocks,Defense (Cutter),,3,1,0,0,Open
Revolver,3,George Stubbs,Defense (Cutter/Handler),,7,5,0,4,Open
Revolver,4,Joel Schlachet,Handler,,9,11,2,2,Open
Revolver,6,Julian Childs-Walker,,,3,0,1,0,Open
Revolver,7,Russell Wynne,Defense (Cutter),,3,1,2,1,Open
Revolver,8,John Stubbs,,"6'0""",0,10,1,0,Open
Revolver,9,Cassidy Rasmussen,Mid,,1,5,3,1,Open
Revolver,10,Grant Lindsley,Mid,,5,9,2,4,Open
Revolver,14,Kenneth Justin Lim,Handler,"5'10""",0,0,0,0,Open
Revolver,15,Michael Spear,Mid,"5'9""",1,1,2,2,Open
Revolver,17,Sawyer Thompson,Defense (Cutter),"6'4""",2,1,1,1,Open
Revolver,18,Gregory Cohen,Defense (Cutter),,1,3,2,2,Open
Revolver,22,Marcelo Sanchez,Deep,,4,3,0,2,Open
Revolver,23,Antoine Davis,Defense (Cutter),"6'2""",8,3,3,2,Open
Revolver,24,Elijah Kerns,Defense (Cutter),,5,4,0,3,Open
Revolver,25,Nick Stuart,,,0,1,1,0,Open
Revolver,26,Nathan White,Handler,,0,1,0,0,Open
Revolver,27,Ashlin Joye,,,4,6,2,6,Open
Revolver,29,Christian Johnson,Deep,"6'2""",3,1,0,2,Open
Revolver,32,Jordan Marcy,Defense (Handler),,3,4,0,2,Open
Revolver,33,Mark Lin,Mid,"6'0""",0,0,1,0,Open
Revolver,35,Lucas Dallmann,Defense (Cutter),,1,0,0,2,Open
Revolver,53,Eli Friedman,,"5'10""",4,3,0,4,Open
Revolver,88,Byron Liu,Defense (Cutter),"5'9""",2,0,2,0,Open
Revolver,93,Tom Doi,Mid,"5'10""",4,3,0,1,Open
Sockeye,0,Jacob Janin,,,8,8,0,2,Open
Sockeye,2,Brice Dixon,,,0,0,0,2,Open
Sockeye,3,Thomas Kulczak,Handler,"5'11""",2,1,0,1,Open
Sockeye,4,Zachary Goulson,,,3,0,0,0,Open
Sockeye,5,Simon Montague,,,4,11,0,6,Open
Sockeye,6,Philip Murray,Mid,"6'0""",2,5,3,2,Open
Sockeye,7,Zane Rankin,Defense (Cutter),"6'2""",0,1,3,1,Open
Sockeye,9,Sam Harkness,,,1,1,1,1,Open
Sockeye,10,Dongyang Chen,,,2,0,1,0,Open
Sockeye,11,Christian Foster,,,0,2,1,2,Open
Sockeye,14,Xander Cuizon Tice,,,3,1,1,1,Open
Sockeye,15,Derek Mourad,Dump,"5'2""",1,1,0,1,Open
Sockeye,16,Trent Dillon,Defense (Cutter/Handler),"5'11""",7,1,0,1,Open
Sockeye,19,Husayn Carnegie,Defense (Cutter),"6'0""",0,0,0,0,Open
Sockeye,22,Matt Russell,,,6,6,1,3,Open
Sockeye,23,Danny Karlinsky,Handler,"5'8""",2,1,0,0,Open
Sockeye,24,Joe Sefton,Handler,"5'5""",1,1,0,0,Open
Sockeye,25,Frank Devin Barich,,,1,2,5,2,Open
Sockeye,26,Cooper Schumacher,,"1'0""",0,0,0,0,Open
Sockeye,27,William Katz,,,1,2,3,0,Open
Sockeye,28,Duncan Linn,Deep,"6'1""",0,0,0,1,Open
Sockeye,31,Matthew Rehder,,,9,10,2,4,Open
Sockeye,34,John Randolph,Defense (Cutter),"6'0""",3,1,1,0,Open
Sockeye,55,Dylan Freechild,,,7,7,0,5,Open
Sockeye,70,Julian Hausman,,,0,0,0,0,Open
Sockeye,77,Ben Snell,,,0,4,0,3,Open
Sockeye,87,Chris Kosednar,,,3,2,0,2,Open
PoNY,0,John Wodatch,Defense (Cutter),"6'1""",1,0,2,1,Open
PoNY,1,Markian Kuzmowycz,,"5'7""",0,0,0,1,Open
PoNY,2,Sean Keegan,,"5'11""",7,5,0,2,Open
PoNY,3,Benjamin Spielman,,,3,1,3,1,Open
PoNY,5,Joshua Stevens-Stein,Dump,"5'9""",2,0,3,0,Open
PoNY,6,Michael Brenner,Handler,,1,1,0,0,Open
PoNY,7,Clark Cofer,Handler,"6'0""",0,0,1,2,Open
PoNY,8,Harper Garvey,Deep,"5'10""",2,9,1,5,Open
PoNY,9,Samuel Little,,,4,8,0,2,Open
PoNY,10,Matt Hennessy,Mid,,0,1,0,3,Open
PoNY,12,Matthew Lemar,,,1,0,0,0,Open
PoNY,13,Evan Padget,,,0,0,0,1,Open
PoNY,14,William Dean,,,6,1,0,0,Open
PoNY,15,Kevin Norton,,,0,0,0,1,Open
PoNY,16,Laurent Loiseau,,,0,0,2,1,Open
PoNY,17,Benjamin Katz,,,3,3,2,3,Open
PoNY,18,Tyler Haskell,,,3,1,1,1,Open
PoNY,19,Isaac Saul,Handler,,2,1,0,2,Open
PoNY,22,Jack Marsh,,,4,1,1,0,Open
PoNY,23,Jimmy Mickle,,"6'3""",6,13,0,5,Open
PoNY,30,Alexander Ladomatos,,,2,8,1,2,Open
PoNY,31,Chris Kocher,,,14,14,3,1,Open
PoNY,33,Beaufort Kittredge,,,1,2,2,4,Open
PoNY,47,Conrad Schloer,,,2,2,2,1,Open
PoNY,50,Milo Snyder,,"1'0""",1,0,0,0,Open
PoNY,69,Ben Jagt,Deep,"6'4""",14,8,0,1,Open
PoNY,80,Michael Drost,,,1,1,3,1,Open
Ring of Fire,0,Jonathan Helton,Cutter,"6'0""",3,3,1,3,Open
Ring of Fire,1,Justin Allen,Cutter,,2,2,0,4,Open
Ring of Fire,3,Josh Mullen,Handler,,0,0,0,0,Open
Ring of Fire,4,Dillon Lanier,Cutter,"6'0""",6,8,0,6,Open
Ring of Fire,6,Jacob Mouw,,,0,0,0,0,Open
Ring of Fire,7,Jonathan Nethercutt,Handler,,4,24,0,10,Open
Ring of Fire,8,Terrence Mitchell,Cutter,"1'0""",2,0,0,2,Open
Ring of Fire,9,JD Hastings,Handler,"6'6""",2,0,0,1,Open
Ring of Fire,10,Henry Fisher,Cutter,"6'5""",9,0,1,1,Open
Ring of Fire,11,Mischa Freystaetter,,,7,2,3,2,Open
Ring of Fire,12,Joe Cretella,Cutter,,0,1,0,0,Open
Ring of Fire,13,Shane Sisco,Cutter,"5'11""",0,0,0,0,Open
Ring of Fire,14,Liam Searles-Bohs,Dump,"6'1""",0,2,1,1,Open
Ring of Fire,15,Eric Taylor,Cutter,"6'1""",0,0,1,0,Open
Ring of Fire,18,Elijah Long,,"5'11""",0,2,0,0,Open
Ring of Fire,20,Jacob Fairfax,Cutter,,2,1,3,0,Open
Ring of Fire,21,Matt Gouchoe-Hanas,Handler,"1'0""",6,3,0,2,Open
Ring of Fire,22,Solomon Yanuck,Handler,"5'11""",0,3,0,1,Open
Ring of Fire,24,Noah Saul,Handler,,2,5,1,4,Open
Ring of Fire,25,Bob Liu,Handler,"5'8""",1,0,1,0,Open
Ring of Fire,26,Allan Laviolette,,,6,5,3,4,Open
Ring of Fire,28,Jack Williams,Cutter,,13,6,4,4,Open
Ring of Fire,30,Andrew McKelvey,,"1'0""",0,0,0,0,Open
Ring of Fire,45,Brett Matzuka,Handler,,0,0,1,2,Open
Ring of Fire,51,Timothy McAllister,Cutter,"10'11""",5,1,0,0,Open
Ring of Fire,84,David Richardson,Cutter,"6'3""",1,2,2,1,Open
Ring of Fire,99,Joshua Hartzog,Cutter,,0,0,1,1,Open
Furious George,0,Robbie Brennan,,,5,0,1,0,Open
Furious George,3,Alistair Robb,,,0,2,2,1,Open
Furious George,4,Dawson Pasin,Handler,"6'0""",4,0,1,0,Open
Furious George,5,Ty Barbieri,,,20,3,3,4,Open
Furious George,6,Andre Gailits,,,5,6,2,5,Open
Furious George,7,Charles Eyrich,Defense (Cutter),,0,0,0,0,Open
Furious George,8,Morgan Hibbert,,,5,2,1,2,Open
Furious George,9,Brayden Gee,,"5'9""",0,1,1,1,Open
Furious George,11,Ari Nitikman,,,0,1,0,1,Open
Furious George,16,Tim Tsang,,,11,13,0,9,Open
Furious George,17,Mathew Goodkey,,"6'0""",0,0,0,0,Open
Furious George,20,Kevin Chan,,,0,1,0,1,Open
Furious George,21,Andrew Dick,,,5,4,0,5,Open
Furious George,23,Fred Lam,Defense (Cutter),"6'1""",4,0,0,3,Open
Furious George,24,Peter Yu,Handler,"5'7""",2,2,1,1,Open
Furious George,27,Alexander Davis,Defense (Cutter),"6'2""",1,1,0,0,Open
Furious George,29,Kevin Lore,,"5'10""",0,1,0,0,Open
Furious George,44,Devon Thomson,,"5'10""",4,4,0,2,Open
Furious George,45,Malcolm Bryson,,,4,16,1,7,Open
Furious George,50,Jonah Lee-Ash,Cutter,"6'1""",1,0,0,0,Open
Furious George,68,David Neilson,Defense (Cutter),"6'4""",2,0,0,0,Open
Furious George,77,Hugh Knapp,,,2,9,3,8,Open
Furious George,81,Rumi Tejpar,,"5'10""",2,6,1,5,Open
Furious George,89,Kevin Underhill,Handler,"6'1""",6,13,4,6,Open
Furious George,98,Brendan Wong,,,9,7,2,2,Open
Truck Stop,0,Jarrod Banks,,,1,1,0,1,Open
Truck Stop,1,Max Cassell,,,0,2,1,2,Open
Truck Stop,2,Christian Boxley,,"5'10""",13,0,0,1,Open
Truck Stop,3,Jackson Cochran,Mid,"5'8""",1,5,3,2,Open
Truck Stop,4,Delrico Johnson,,,3,1,1,1,Open
Truck Stop,5,David Cranston,Defense (Cutter),"6'2""",2,0,1,0,Open
Truck Stop,8,John Walden,Mid,"5'7""",3,0,0,0,Open
Truck Stop,10,Tyler Monroe,,"1'0""",12,7,2,2,Open
Truck Stop,14,Lloyd Blake,,,5,3,1,2,Open
Truck Stop,15,Nathan Castine,,,6,4,0,1,Open
Truck Stop,17,Eric Miner,,,3,1,0,5,Open
Truck Stop,21,Matthew Rowan McDonnell,Cutter,,10,23,2,8,Open
Truck Stop,22,Ryan Swift,,,2,0,1,2,Open
Truck Stop,23,Alexandre Fall,,,1,0,0,1,Open
Truck Stop,25,Marcus Thaw,Handler/Cutter,"6'0""",1,2,1,0,Open
Truck Stop,26,Joseph Richards,Cutter,"6'3""",3,0,0,0,Open
Truck Stop,27,Austin Bartenstein,,,1,1,1,2,Open
Truck Stop,30,David Bloodgood,,"6'0""",1,4,3,2,Open
Truck Stop,36,David Shields,,"5'9""",1,6,0,4,Open
Truck Stop,43,Nathan Prior,,,0,7,2,10,Open
Truck Stop,45,Jeff Wodatch,Cutter,,8,4,2,1,Open
Truck Stop,52,Gus Norrbom,,,2,3,1,0,Open
Truck Stop,70,Christopher Strub,Defense (Handler),"5'9""",4,0,1,1,Open
Truck Stop,87,Matt Kerrigan,,"6'0""",0,1,0,0,Open
Truck Stop,90,Markham Shofner,,,5,13,1,5,Open
Truck Stop,91,Troy Holland,,"6'0""",3,0,1,1,Open
Truck Stop,97,Bradley Scott,,,1,2,0,1,Open
DiG,1,Jack Hatchett,Dump,"6'0""",2,4,0,4,Open
DiG,2,Misha Sidorsky,Defense (Cutter),"5'10""",5,1,0,2,Open
DiG,3,Ben Sadok,,"5'5""",7,9,0,7,Open
DiG,4,Tanner Halkyard,Cutter,"6'3""",10,4,1,2,Open
DiG,5,Noah Backer,Handler,"6'0""",9,7,0,3,Open
DiG,6,Rocco Essex-Linehan,,"6'0""",10,2,0,3,Open
DiG,7,Jason (Jay) Clark,,"6'2""",2,3,3,4,Open
DiG,8,Michael Sender,,,3,1,1,0,Open
DiG,10,Rustin Ingold-Smith,Mid,"6'0""",1,2,1,3,Open
DiG,11,Mat Little,Handler,"5'10""",1,1,0,2,Open
DiG,12,Timothy Schoch,,"6'1""",1,0,0,0,Open
DiG,14,Ben Field,Mid,"5'11""",3,0,2,1,Open
DiG,15,Tannor Johnson,,"6'3""",5,18,2,6,Open
DiG,17,Henry Babcock,,,1,1,0,3,Open
DiG,18,Brett Gramann,Defense (Cutter),"5'9""",1,2,1,3,Open
DiG,21,Gabe Colton,,,1,3,3,1,Open
DiG,22,Ben Tseytlin,,,3,3,0,1,Open
DiG,23,Ryan Dinger,Handler/Cutter,"6'2""",1,1,0,0,Open
DiG,25,Willie Stewart,Handler,"6'2""",1,3,0,3,Open
DiG,27,Nicholas Thompson,,,7,2,1,4,Open
DiG,32,Spencer Diamond,,,6,3,0,2,Open
DiG,33,Ryan Rzepka,,,0,1,1,1,Open
DiG,64,Frederik Brasz,,,1,1,0,2,Open
DiG,74,Mac Hecht,,"6'2""",4,11,0,6,Open
DiG,80,Chris Bartoli,,"6'0""",1,1,2,2,Open
DiG,85,Joshua Markette,,,2,4,2,4,Open
DiG,97,Alex Dagley,,"6'1""",1,0,1,0,Open
Rhino Slam,0,John Cairns,,,,1,,,Open
Rhino Slam,0,Colby Chuck,,,,1,2,2,Open
Rhino Slam,0,Colton Clark,,,3,11,,5,Open
Rhino Slam,0,Sam Gordon-Koven,,"6'5""",1,,,1,Open
Rhino Slam,0,Kristian Grobecker,,"1'0""",3,1,2,2,Open
Rhino Slam,0,Andrew Halpin,,,1,,,,Open
Rhino Slam,0,Spencer Latarski,,,,,,1,Open
Rhino Slam,0,Will Lohre,,,7,3,1,1,Open
Rhino Slam,0,Garrett Martin,,"5'11""",,,,,Open
Rhino Slam,0,Leandro Marx,,,1,4,3,3,Open
Rhino Slam,0,Adam Rees,,,6,10,3,8,Open
Rhino Slam,0,Will Shaw,,,9,11,1,3,Open
Rhino Slam,0,Trevor Smith,,,5,15,1,3,Open
Rhino Slam,0,Hylke Snieder,,,5,,,3,Open
Rhino Slam,6,Cody Bjorklund,,,12,21,1,9,Open
Rhino Slam,8,Benjamin Whitenack,,,10,5,1,3,Open
Rhino Slam,9,Chris Hancock,Handler,"5'8""",6,2,,3,Open
Rhino Slam,12,Jonathan Lee,,"6'0""",11,7,,1,Open
Rhino Slam,13,Timmy Perston,,,4,1,,,Open
Rhino Slam,15,Mario Bundy,,"5'11""",,1,2,1,Open
Rhino Slam,17,Raphael Hayes,Cutter,,24,8,3,9,Open
Rhino Slam,19,Quinn Buermeyer,,"5'10""",4,3,2,1,Open
Rhino Slam,20,Brandon Lafferty,,,2,5,,2,Open
Rhino Slam,22,Grant Cole,Defense (Handler),,1,2,,,Open
Rhino Slam,30,Sam Franer,Defense (Cutter),"5'10""",3,1,1,1,Open
Rhino Slam,40,Vinh Bui,,,1,4,1,3,Open
Rhino Slam,44,Owen Murphy,,,2,15,,2,Open
Rhino Slam,47,Will Beck,,"6'1""",5,,,,Open
Rhino Slam,88,Duncan Fitzgerald,,"6'0""",,,,,Open
Rhino Slam,91,Aaron Adamson,,,4,1,2,1,Open
Chain Lightning ,0,Karl Ekwurtzel,,"6'2""",1,1,,,Open
Chain Lightning ,0,Daniel Sperling,,"5'11""",7,4,1,2,Open
Chain Lightning ,1,Will Lindquist,,,7,4,,1,Open
Chain Lightning ,2,Austin Taylor,,"5'10""",7,8,1,8,Open
Chain Lightning ,3,Matthew Knowles,,"5'11""",1,4,1,3,Open
Chain Lightning ,4,Player Pierce,,"6'3""",4,12,1,9,Open
Chain Lightning ,5,Michael Fairley,,"6'4""",3,3,1,3,Open
Chain Lightning ,6,Tyler Kunsa,,"5'11""",,,,,Open
Chain Lightning ,7,Parker Bray,,"6'0""",,1,,3,Open
Chain Lightning ,8,Christian Olsen,,"5'10""",7,9,1,1,Open
Chain Lightning ,9,Kyle Stapleton,,,,,,,Open
Chain Lightning ,10,Danny On,,"5'6""",3,,3,1,Open
Chain Lightning ,11,Christopher Calhoun,,"5'8""",1,,,,Open
Chain Lightning ,12,Matthew Smith,,,19,5,1,4,Open
Chain Lightning ,13,Josh Turner,,,7,6,1,3,Open
Chain Lightning ,14,Karl Kingma,,,,,,,Open
Chain Lightning ,16,Anders Olsen,,,,,,,Open
Chain Lightning ,19,Stanley Birdsong,,"6'3""",6,1,,1,Open
Chain Lightning ,20,Joshua Bush,,"6'3""",,,,,Open
Chain Lightning ,21,Jacques Perivier,,,1,2,,,Open
Chain Lightning ,22,Sean Sears,,,3,1,2,1,Open
Chain Lightning ,23,Sun Choi,,,,5,,1,Open
Chain Lightning ,25,Tyler French,,"6'1""",,,,1,Open
Chain Lightning ,27,Paul Lally,,"10'11""",8,18,1,4,Open
Chain Lightning ,29,Mason Cary,,"6'0""",1,1,,,Open
Chain Lightning ,81,Joseph Burns,,"6'0""",,,,,Open
Chain Lightning ,82,Sam Batson,,,1,,1,2,Open
Chain Lightning ,87,Trenton Spinks,,"6'4""",,1,2,,Open
Chain Lightning ,99,Jaime Perez,,"6'2""",,,,,Open
SoCal Condors,0,Jacob Bartholomew,,,1,2,,,Open
SoCal Condors,0,Jesse Cohen,,"6'0""",6,2,,,Open
SoCal Condors,0,Travis Dunn,,,8,11,,,Open
SoCal Condors,0,Wesley Groth,,"6'2""",2,,,,Open
SoCal Condors,0,Aidan Hall,,,1,,,,Open
SoCal Condors,0,Sean Ham,,,9,,,,Open
SoCal Condors,0,Tim Okita,,"5'8""",2,5,,,Open
SoCal Condors,0,Marcel Osborne,,"1'0""",,,,,Open
SoCal Condors,0,Scott Radlauer,,"6'1""",1,,,,Open
SoCal Condors,0,Kyle Rubin,,"5'10""",,,,,Open
SoCal Condors,0,Brandon Severson,,"6'1""",,,,,Open
SoCal Condors,0,Matt Theologidy,,"6'1""",,1,,,Open
SoCal Condors,0,Michael Tran,,"5'10""",,,,,Open
SoCal Condors,0,Bailey Wu,,,,,,,Open
SoCal Condors,3,Conor Schofield,,"5'8""",1,,,,Open
SoCal Condors,4,Will Griffin,,"5'10""",,,,,Open
SoCal Condors,9,Maxwell Hume,,,1,2,,,Open
SoCal Condors,10,Sean McDougall,,"6'0""",6,5,,,Open
SoCal Condors,13,Mark Leggio,,"1'4""",2,1,,,Open
SoCal Condors,14,William Turner,,"5'11""",3,1,,,Open
SoCal Condors,17,Hunter Corbett,,,,,,,Open
SoCal Condors,19,Jeff Silverman,,,1,,,,Open
SoCal Condors,24,David Ritchie,,,,,,,Open
SoCal Condors,27,Collin Gall,,"5'11""",1,,,,Open
SoCal Condors,55,Tyler Bacon,,"5'8""",2,12,,,Open
SoCal Condors,88,Samuel Fontaine,,"5'11""",,3,,,Open
SoCal Condors,91,Grant Boyd,,"5'10""",,,,,Open
Madison Club,1,David Wiseman,Cutter,"6'5""",4,5,2,10,Open
Madison Club,2,Logan Pruess,Handler,,7,5,1,3,Open
Madison Club,4,Sam Hebert,Handler,"5'9""",1,1,,4,Open
Madison Club,6,Bill Everhart,Handler,"6'1""",,2,,1,Open
Madison Club,7,Avery Johnson,Cutter,"5'11""",11,5,,8,Open
Madison Club,9,Andrew Meshnick,Cutter,,10,5,1,,Open
Madison Club,10,Victor Luo,Handler,"5'10""",8,6,2,5,Open
Madison Club,14,Sef Van Kan,Cutter,,1,2,,,Open
Madison Club,18,Mike Kobyra,Cutter,"5'11""",2,1,2,2,Open
Madison Club,20,Glenn Poole,Handler,"5'9""",3,4,,7,Open
Madison Club,22,Rami Paust,Handler,,2,3,,,Open
Madison Club,23,Tarik Akyuz,Cutter,,3,1,,1,Open
Madison Club,24,Logan Grothus,Cutter,"5'10""",2,3,2,,Open
Madison Club,25,Ryan Tucker,Cutter,,16,,,1,Open
Madison Club,26,Peter Graffy,Cutter,,11,19,,6,Open
Madison Club,27,Elliot Mawby,Cutter,"6'4""",,,,2,Open
Madison Club,28,Noah Nicol,Cutter,,1,,,,Open
Madison Club,32,Colin Camp,Cutter,"6'2""",9,16,,3,Open
Madison Club,42,Chase Marty,Cutter,"6'2""",1,1,,,Open
Madison Club,48,Thomas Coolidge,Cutter,"5'8""",8,6,3,4,Open
Madison Club,66,Ted Schewe,Cutter,"6'2""",3,1,,2,Open
Madison Club,68,Benjamin Nelson,Handler,,6,8,1,6,Open
Madison Club,76,Colin Grandon,Cutter,,2,3,,,Open
Madison Club,80,Kevin Pettit-Scantling,Cutter,,5,7,,1,Open
Madison Club,92,Kevin Brown,Cutter,"6'1""",9,20,1,7,Open
Pittsburgh Temper,0,Andrew Kohl,,,4,,3,2,Open
Pittsburgh Temper,1,Max Sheppard,,"6'4""",12,5,3,7,Open
Pittsburgh Temper,2,Jonathan Mast,,"6'1""",4,7,1,7,Open
Pittsburgh Temper,3,Patrick Earles,,"6'2""",9,21,1,12,Open
Pittsburgh Temper,4,David Vatz,,"5'9""",1,1,,,Open
Pittsburgh Temper,6,Anson Reppermund,,,3,2,3,,Open
Pittsburgh Temper,7,Mark Fedorenko,,"6'3""",6,1,,7,Open
Pittsburgh Temper,8,Thomas Edmonds,,"1'0""",6,29,1,12,Open
Pittsburgh Temper,10,Max Thorne,,"5'7""",12,9,4,7,Open
Pittsburgh Temper,11,Leo Warren,,,,8,,1,Open
Pittsburgh Temper,12,Justin Abel,,,3,5,1,2,Open
Pittsburgh Temper,14,Kenny Furdella,,,2,1,2,3,Open
Pittsburgh Temper,15,Dylan Best,,,15,6,3,7,Open
Pittsburgh Temper,17,Matthew Hanna,,,9,5,1,3,Open
Pittsburgh Temper,24,Alexander Thomas,,"6'0""",6,2,1,,Open
Pittsburgh Temper,27,Jasper Tom,,,5,2,3,2,Open
Pittsburgh Temper,29,Hafeez Shams,,"6'0""",2,1,,2,Open
Pittsburgh Temper,35,Dan Goldstein,,"5'7""",,,1,5,Open
Pittsburgh Temper,38,Jonah Wisch,,,5,4,,7,Open
Pittsburgh Temper,42,Marcus Ranii-Dropcho,Handler/Cutter,,8,4,,2,Open
Pittsburgh Temper,43,Jake Rovner,,"5'3""",1,,,1,Open
Pittsburgh Temper,48,Jimmy Towle,,"5'9""",10,6,,1,Open
Pittsburgh Temper,49,Sam Vandusen,,"6'0""",3,13,1,6,Open
Pittsburgh Temper,52,Aaron Collins,Cutter,"6'0""",,,,,Open
Pittsburgh Temper,71,Tad Wissel,,,,1,,1,Open
Pittsburgh Temper,79,Michael Ing,,,4,1,,,Open
Pittsburgh Temper,81,Tyler DeGirolamo,,,18,7,2,3,Open
Guerilla,0,Timothy Gilligan,,"5'10""",8,6,,,Open
Guerilla,0,Jacob Greenberg,,"6'3""",1,1,,,Open
Guerilla,0,Jack Hamner,,"6'3""",1,1,,,Open
Guerilla,0,Andrew Hooker,,"6'0""",,4,,,Open
Guerilla,0,Caleb Merriam,,"5'9""",1,3,,,Open
Guerilla,0,Xavier Jacque Mignot,,,1,,,,Open
Guerilla,0,Mark Philipson,,,,,,,Open
Guerilla,0,Zach Sabin,,,4,1,,,Open
Guerilla,0,Andy Smith,,,1,2,,,Open
Guerilla,0,Jackson Stearns,,,,,,,Open
Guerilla,0,Kevin Tien,,"6'1""",2,,,,Open
Guerilla,2,Samuel Adamson,,,3,6,,,Open
Guerilla,3,Tommy Adams,,,,,,,Open
Guerilla,4,Shane Earley,,,,,,,Open
Guerilla,5,Matthew Crawford,,"6'1""",4,5,,,Open
Guerilla,6,Charles Cao,,"6'0""",,,,,Open
Guerilla,8,Brandon Fein,,,,2,,,Open
Guerilla,9,Andrew Moore,,"6'0""",9,1,,,Open
Guerilla,10,Sonny Zaccaro,,,,5,,,Open
Guerilla,12,Steven Chang SR.,,"6'0""",2,6,,,Open
Guerilla,13,Dillon Whited,,"1'0""",2,3,,,Open
Guerilla,15,Lucas Young,,,1,3,,,Open
Guerilla,18,Eric Greenwood,,"5'6""",4,1,,,Open
Guerilla,20,Sam Swink,,,,1,,,Open
Guerilla,24,Jason Yun,,"5'11""",4,,,,Open
Guerilla,31,Ethan Falat,,,4,3,,,Open
Guerilla,33,Nicholas Hirning,,,5,1,,,Open
Guerilla,42,Matt Jaffe,,"6'1""",,1,,,Open
Guerilla,88,Nicholas Murphy,,,2,,,,Open
Patrol,0,Matthew Glazer,,"5'11""",,,,,Open
Patrol,0,Benjamin Johnson,,"5'9""",,,,,Open
Patrol,0,Kevin Tsui,,"6'0""",,,,,Open
Patrol,0,Jake Butrica,,,,,,,Open
Patrol,0,Reed Forman,,"5'10""",,,,,Open
Patrol,0,Allan Michel,,,,,,,Open
Patrol,0,Eric Witmer,,,,,,,Open
Patrol,1,Nicholas LaRue,,,2,,,,Open
Patrol,3,Paul Klimkowski,,,1,,,1,Open
Patrol,8,Nick Patel,,"5'7""",5,2,1,2,Open
Patrol,9,Himalaya Mehta,,"6'0""",15,8,,3,Open
Patrol,10,Ethan Fortin,,,5,7,,3,Open
Patrol,11,Alex Atkins,,,,8,,2,Open
Patrol,13,Quinn Hunziker,,,4,7,,2,Open
Patrol,16,Trevor Griesman,,"6'2""",,4,,1,Open
Patrol,18,William (Billy) Sickles,,,11,13,2,1,Open
Patrol,19,Tom Allen,,,3,1,1,8,Open
Patrol,20,David Baer,,"5'9""",2,11,1,3,Open
Patrol,21,Francisco Gomez,,"6'5""",,1,,,Open
Patrol,24,Ethan Peck,,"1'0""",11,12,3,8,Open
Patrol,27,Jake Rainwater,,,8,3,,3,Open
Patrol,38,TJ Stanton,,"6'0""",1,1,,1,Open
Patrol,44,Tom O'Connor,,,1,1,,,Open
Patrol,45,Nicholas DiGiorgio,,"5'8""",3,2,,1,Open
Patrol,48,Ryan Weaver,,"6'1""",1,5,,4,Open
Patrol,52,Connor Russell,,"6'5""",10,18,1,6,Open
Patrol,55,Matt Paparone,,,2,1,,,Open
Patrol,61,Daniel Hartsoe,,"1'0""",1,2,,1,Open
Patrol,69,Peter Burt,,"2'6""",3,2,2,1,Open
Patrol,76,Trevor Lynch,,"6'1""",2,,,,Open
Patrol,77,Ryan Brown,,,9,1,,1,Open
Patrol,91,Vincent Reydams,,,5,1,,,Open
Patrol,96,Casey Vaughn,,"5'11""",,1,,,Open
Brute Squad,0,Alexandra Ode,,"5'8""",9,4,,1,Women
Brute Squad,2,Sophie Hulbert,,,5,2,4,4,Women
Brute Squad,3,Courtney Verhaalen,,,7,3,7,4,Women
Brute Squad,4,Lien Hoffmann,,"5'6""",26,9,8,9,Women
Brute Squad,5,Julianna Werffeli,,,7,16,8,18,Women
Brute Squad,6,Claudia Tajima,,"5'6""",4,15,3,8,Women
Brute Squad,7,Kami Groom,,,26,20,21,14,Women
Brute Squad,10,Amber Sinicrope,,"1'0""",13,44,6,22,Women
Brute Squad,12,Nicole Canning,,"1'0""",16,1,6,3,Women
Brute Squad,13,Becky Malinowski,,,16,14,4,10,Women
Brute Squad,14,Tulsa Douglas,,"5'9""",4,10,11,12,Women
Brute Squad,17,Angela Zhu,,"1'0""",7,24,15,24,Women
Brute Squad,21,Chelsea Murphy,,"5'3""",7,4,7,9,Women
Brute Squad,22,Victoria Negus,,,4,,2,2,Women
Brute Squad,26,Elana Schwam,,"5'4""",20,12,7,6,Women
Brute Squad,27,Jessie Grignon Tomas,,"5'7""",27,3,4,18,Women
Brute Squad,28,Shellie Cohen,,,4,9,4,11,Women
Brute Squad,29,Caitlyn Lee,Handler,,20,12,8,9,Women
Brute Squad,32,Megan Wilson,,,,2,,6,Women
Brute Squad,37,Lauren Sadler,,"5'2""",4,2,6,4,Women
Brute Squad,38,Hannah Henkin,,,2,2,,10,Women
Brute Squad,39,Sydney Dobkin,,,,,,,Women
Brute Squad,42,Rachel Kramer,Cutter,,4,6,4,1,Women
Brute Squad,46,Jojo Emerson,Handler,"1'0""",2,17,4,12,Women
Brute Squad,52,Caitlin O'Connell,,,6,2,3,,Women
Brute Squad,71,Cassandra Wong,,"5'3""",11,11,6,13,Women
Brute Squad,83,Alyson Steinfeld,,"5'11""",2,7,4,8,Women
Fury,0,Marika Austin,,,16,2,6,3,Women
Fury,0,Amel Awadelkarim,,"5'5""",7,11,4,7,Women
Fury,0,Meeri Chang,,"5'3""",2,8,1,4,Women
Fury,0,Diana Charrier,,,2,,2,,Women
Fury,0,Lisa Couper,,,14,2,3,1,Women
Fury,0,Yelena Gorlin,,,8,3,,4,Women
Fury,0,Sarah Griffith,,,16,2,5,9,Women
Fury,0,Kirstin Johnson,,"5'4""",4,7,4,11,Women
Fury,0,Bethany Kaylor,,"1'0""",9,16,5,7,Women
Fury,0,Sharon Lin,,"5'1""",1,,,1,Women
Fury,0,Magon Liu,,"5'4""",7,6,2,6,Women
Fury,0,Claire McKeever,,"5'3""",5,5,4,2,Women
Fury,0,Marisa Mead,,,,5,1,4,Women
Fury,0,Octavia Payne,,,7,10,6,6,Women
Fury,0,Anna Reed,,,1,9,4,8,Women
Fury,0,Katie Ryan,,,5,,2,,Women
Fury,4,Alex Snyder,,,1,15,1,7,Women
Fury,5,Kaela Helton,,,5,11,8,2,Women
Fury,8,Nancy Sun,,,1,7,1,7,Women
Fury,10,Genevieve Laroche,,,,,,,Women
Fury,13,Cree Howard,,,14,11,4,10,Women
Fury,15,Alden Fletcher,,,3,,3,3,Women
Fury,20,Andrea Romano,,,1,5,1,2,Women
Fury,27,Ness Fajardo,,"5'6""",,,,,Women
Fury,33,Anna Nazarov,,,10,5,4,10,Women
Fury,42,Darragh Clancy,,,9,1,1,1,Women
Fury,44,Maggie Ruden,,,12,7,2,4,Women
Fury,61,Lakshmi Narayan,,,10,3,4,3,Women
Fury,77,Carolyn Finney,,"1'0""",7,22,6,16,Women
Molly Brown,0,Melissa Devlin,,,1,5,2,1,Women
Molly Brown,2,Jesse Shofner,,,8,13,3,7,Women
Molly Brown,3,Maggie Chen,,"5'6""",9,5,1,1,Women
Molly Brown,4,Liza Minor,,,23,11,,8,Women
Molly Brown,5,Nhi Nguyen,,"5'5""",11,1,1,2,Women
Molly Brown,6,Samantha Peletier,,,7,5,2,4,Women
Molly Brown,7,Paige Applegate,,"5'7""",8,21,7,14,Women
Molly Brown,8,Victoria Elmore,,"5'7""",5,1,4,2,Women
Molly Brown,10,Lauren Baecher,,,2,4,1,4,Women
Molly Brown,11,Dena Slattery,,,4,17,6,2,Women
Molly Brown,12,Liz Kaloupek,,"5'5""",10,,1,3,Women
Molly Brown,13,Alika Johnston,,"5'4""",7,5,2,5,Women
Molly Brown,15,Sara Taggart,,,10,15,3,13,Women
Molly Brown,16,Megan Cousins,,"5'6""",,3,,,Women
Molly Brown,18,Manuela Cardenas,,,11,18,6,14,Women
Molly Brown,20,Kiera Lindgren,,"5'3""",5,3,5,5,Women
Molly Brown,21,Chelsea Twohig,,"5'6""",10,6,5,3,Women
Molly Brown,22,Allysha Dixon,,"5'3""",15,7,3,7,Women
Molly Brown,24,Alex Hardesty,,,2,4,,1,Women
Molly Brown,26,Lisa Pitcaithley,,"3'5""",11,22,5,17,Women
Molly Brown,28,Sally Lambert,,,,,,,Women
Molly Brown,31,Carolyn Vlach,,"5'6""",3,6,1,5,Women
Molly Brown,42,Lisi Lohre,,,10,5,3,4,Women
Molly Brown,44,Stacy Gaskill,,,6,1,4,2,Women
Molly Brown,47,Rebecca Miller,,"5'4""",8,3,7,1,Women
Molly Brown,49,Claire Chastain,,,2,10,8,16,Women
Molly Brown,65,Megan Ives,,"5'6""",5,1,3,3,Women
Molly Brown,91,Hannah Leathers,,,1,2,,,Women
Molly Brown,97,Sarah Pesch,,,2,5,2,5,Women
Seattle Riot,0,Samantha Rodenberg,Cutter,"1'0""",7,2,,,Women
Seattle Riot,1,Kelly Johnson,Handler,,6,9,5,3,Women
Seattle Riot,2,Lucy Williams,,,,1,,1,Women
Seattle Riot,3,Molly Sinnott,,,3,,,,Women
Seattle Riot,5,Paige Soper,Handler,,1,7,,6,Women
Seattle Riot,6,Sarah Griffith,Deep,,,,,,Women
Seattle Riot,7,Calise Cardenas,Deep,,5,,1,3,Women
Seattle Riot,8,Rachel Bradshaw,Deep,,4,2,1,,Women
Seattle Riot,9,Qxhna Titcomb,Handler,"5'7""",,7,3,9,Women
Seattle Riot,10,Shira Stern,Cutter,"5'5""",10,2,1,5,Women
Seattle Riot,11,Nora Landri,Handler/Cutter,,2,,,2,Women
Seattle Riot,12,Callie Mah,Handler,,1,1,1,,Women
Seattle Riot,14,Hana Kawai,Deep,,8,8,2,4,Women
Seattle Riot,15,Bailey Zahniser,Cutter,,4,2,,3,Women
Seattle Riot,16,Cassandra Swafford,Handler/Cutter,,3,4,,1,Women
Seattle Riot,17,Dominique Fontenette,Mid,,5,7,1,3,Women
Seattle Riot,18,Madeline Gilbert,Cutter,"1'0""",3,,,1,Women
Seattle Riot,19,Hannah Kreilkamp,,,5,2,,2,Women
Seattle Riot,20,Kristin (Charlie) Eide,Handler/Cutter,"5'7""",4,4,2,3,Women
Seattle Riot,21,Molly McKeon,Deep,"5'5""",1,,1,,Women
Seattle Riot,22,Jack Verzuh,Dump,"6'0""",11,8,,5,Women
Seattle Riot,23,Aimie Kawai,Cutter,,4,1,,,Women
Seattle Riot,24,Sarah Davis,Handler,,5,,,,Women
Seattle Riot,25,Alyssa Weatherford,Handler,"5'5""",2,19,1,3,Women
Seattle Riot,27,Julia Snyder,Handler,,3,8,1,4,Women
Seattle Riot,29,Lindsey Wilson,,,7,2,1,1,Women
Seattle Riot,31,Stephanie Lim,Handler,,5,7,,3,Women
Seattle Riot,37,Claire Trop,,"5'6""",11,5,5,5,Women
Seattle Riot,77,Jillian Goodreau,Mid,,1,,,,Women
Seattle Riot,81,Charlie Mercer,Mid,,6,6,,3,Women
Scandal,,Katey Forth,,,10,2,3,8,Women
Scandal,0,Emma Price,Dump,"5'5""",2,6,,9,Women
Scandal,1,Lindsay Soo,Dump,"5'8""",15,13,11,9,Women
Scandal,2,Laurel Oldershaw,Dump,"5'2""",5,14,6,14,Women
Scandal,3,Edith Teng,Dump,,,3,,2,Women
Scandal,4,Sarah Itoh,Dump,"5'6""",7,5,7,16,Women
Scandal,5,Anne Price,Dump,,,,,,Women
Scandal,6,Lisa Kowalski,Dump,"5'7""",6,12,7,24,Women
Scandal,7,Danielle Byers,Dump,,10,,5,1,Women
Scandal,8,Kristin Franke,Deep,,1,13,8,20,Women
Scandal,9,Jessica O'Connor,Dump,,10,13,5,13,Women
Scandal,11,Nada Tramonte,Dump,,28,19,4,17,Women
Scandal,12,Amy Zhou,Dump,"5'2""",11,16,10,16,Women
Scandal,13,Kathleen Ratcliff,Dump,,4,31,,32,Women
Scandal,14,Colleen Giglia,Dump,"5'4""",6,4,,2,Women
Scandal,17,Caroline Tornquist,Dump,"5'3""",3,5,1,2,Women
Scandal,19,Verena Woloson,Dump,,,1,,,Women
Scandal,20,Casey Gorman,Dump,"5'7""",27,14,4,26,Women
Scandal,22,Lauren Allen,Dump,,20,6,9,4,Women
Scandal,23,Sarah Lord,Dump,"5'5""",8,18,4,11,Women
Scandal,24,Kelly Ross,Dump,"5'10""",37,29,5,23,Women
Scandal,25,Michelle Carey,Dump,,4,13,5,20,Women
Scandal,34,Ingrid Petterson,Dump,"5'7""",9,,10,12,Women
Scandal,44,Keila Strick,Dump,,35,16,4,10,Women
Scandal,50,Hannah Boone,Dump,,9,3,3,1,Women
Scandal,55,Molly Roy,Dump,,15,7,5,7,Women
6ixers,0,Anouchka Beaudry,,,,,,,Women
6ixers,0,Reve Chan,,,,1,,1,Women
6ixers,0,Brittney Dos Santos,,"5'7""",9,4,3,10,Women
6ixers,0,Christine Jurychuk,,,2,,1,1,Women
6ixers,0,Sarah Kidd,,,5,1,2,6,Women
6ixers,0,Sara Mar,,,3,3,,8,Women
6ixers,0,Destin McQuillan,,"1'0""",3,,,4,Women
6ixers,0,Lindsay Musalem,,"1'0""",3,,,2,Women
6ixers,0,Catherine Phillips,,"""",7,19,4,12,Women
6ixers,0,Lana Ramic,,,1,3,1,2,Women
6ixers,0,Lillian Steponaitis,,,4,1,2,4,Women
6ixers,0,Erica Tucker,,,,,,,Women
6ixers,1,Krystal Dos Santos,,"5'5""",,,4,2,Women
6ixers,7,Jeannette Quach,,,2,5,2,1,Women
6ixers,11,Laura Kinoshita,,,3,4,1,2,Women
6ixers,14,Miriam Tingle,,,5,5,3,7,Women
6ixers,16,Jessica Chen,,,2,3,4,4,Women
6ixers,17,Nicolette Bertsch,,"5'7""",3,2,2,1,Women
6ixers,20,Lauren Kimura,,"5'8""",9,24,7,27,Women
6ixers,22,Sarah Bobak,,"5'7""",8,5,2,8,Women
6ixers,28,Jenna McLeod,,,14,,3,1,Women
6ixers,35,Molly Lewis,,,1,9,1,14,Women
6ixers,51,Sarah Innes,,,6,3,1,4,Women
6ixers,90,Jordan Meron,,,5,4,3,6,Women
6ixers,93,Naomi Redmond,,"5'7""",,1,1,1,Women
Ozone,,Madeleine (Maddy) Frey,,"5'7""",11,1,1,5,Women
Ozone,,Erynn Schroeder,,"5'6""",15,3,8,13,Women
Ozone,0,Madison Boyd,,,1,2,2,4,Women
Ozone,0,Sophie Darch,,,5,10,3,14,Women
Ozone,1,Alexandra Fairley,,,5,1,,3,Women
Ozone,2,Emily Lloyd,,,8,2,2,5,Women
Ozone,3,Paige Carver,,"5'0""",11,1,3,8,Women
Ozone,4,Marissa Hicks,,,8,1,4,1,Women
Ozone,5,Lillian Ponitz,,"5'9""",3,1,3,3,Women
Ozone,7,Lane Siedor,,"5'10""",6,3,2,6,Women
Ozone,8,Samantha Daugherty,,,13,6,12,6,Women
Ozone,9,Anraya Palmer,,"1'0""",5,6,2,10,Women
Ozone,11,Kristine Fedorenko,,,3,2,6,3,Women
Ozone,14,Josie Veal,,,5,4,1,3,Women
Ozone,15,Katelyn Travaglini,,,22,14,8,10,Women
Ozone,16,Leah Tsinajinnie,,,,6,2,17,Women
Ozone,19,Kayla Emrick,,,1,5,1,2,Women
Ozone,20,India Stubbs,,,4,21,,16,Women
Ozone,22,Paula Seville,,,5,36,8,27,Women
Ozone,24,Katherine Wooten,,"5'11""",5,20,1,43,Women
Ozone,25,Katherine Hines,,,,,,,Women
Ozone,26,Catherine Woodhurst,,"5'10""",7,10,7,16,Women
Ozone,27,Meg Harris,,,9,3,1,2,Women
Ozone,32,Haley Reese,,"5'9""",11,9,3,8,Women
Ozone,44,Mira Walker,,,,,,,Women
Ozone,69,Allison Snow,,,3,,,2,Women
Ozone,71,Angela Lin,,,,,,,Women
Ozone,91,Jin-Mi Matsunaga,,"5'3""",4,,2,5,Women
Ozone,99,Marie Perivier,,,2,3,1,5,Women
Nightlock,0,Eliza Chang,Cutter,"5'6""",13,5,5,5,Women
Nightlock,0,Manisha Daryani,,,16,23,6,13,Women
Nightlock,0,Alison Griffith,Cutter,"5'8""",3,2,3,5,Women
Nightlock,0,Alexandra Hasan,,"5'8""",6,1,2,6,Women
Nightlock,0,Kimberly Long,,,1,2,1,7,Women
Nightlock,0,Audrey Lyman,Cutter,"1'0""",17,24,4,30,Women
Nightlock,0,Michelle McGhee,Handler,"5'8""",2,6,9,17,Women
Nightlock,0,Michela Meister,,,,,,,Women
Nightlock,0,Maggie O'Connor,,,3,2,,2,Women
Nightlock,0,Megan Pera,,,3,4,6,6,Women
Nightlock,2,Marisa Rafter,Handler,,3,16,7,23,Women
Nightlock,5,Anne Gordon,Cutter,"5'5""",2,2,1,2,Women
Nightlock,7,Claire Sharman,Cutter,,28,5,5,11,Women
Nightlock,8,Rachel Habbert,Handler,"5'4""",8,14,9,16,Women
Nightlock,10,Angela Aie,Handler,,5,10,1,17,Women
Nightlock,11,Iris Leung,Cutter,,18,16,3,10,Women
Nightlock,14,Emmy Kolanz,Cutter,,3,5,4,12,Women
Nightlock,19,Adrienne Lemberger,Cutter,,21,16,4,2,Women
Nightlock,22,Katie Swinnerton,Handler,,,7,2,10,Women
Nightlock,23,Sabrina Fong,Handler,"1'0""",2,17,8,17,Women
Nightlock,24,Natasha Won,Handler,"5'3""",5,16,8,20,Women
Nightlock,27,Kira Lou,Cutter,"1'0""",18,6,4,12,Women
Nightlock,42,Jackelyne Nguyen,Cutter,,8,2,1,3,Women
Nightlock,51,Shayla Harris,Cutter,,20,9,15,11,Women
Nightlock,96,Patricia Anderson,Handler,"5'5""",5,8,6,5,Women
Schwa,0,Seraphie Allen,,"5'8""",,1,,1,Women
Schwa,0,Shea Brennan,,"5'2""",2,12,1,14,Women
Schwa,0,Morgan Caldwell,,,10,2,1,6,Women
Schwa,0,Kimber Coles,,,12,5,4,2,Women
Schwa,0,Shaelynn Davis,,"4'4""",1,,,,Women
Schwa,0,Shannon Dennehy,,"5'6""",4,3,,2,Women
Schwa,0,Madeleine Franz,,,10,2,9,1,Women
Schwa,0,Elizabeth Longmire,,,6,3,5,6,Women
Schwa,0,Emery Otopalik,,"5'7""",2,1,2,1,Women
Schwa,0,Makena Strand,,,2,3,,1,Women
Schwa,0,Georgina Tetlow,,,2,3,1,3,Women
Schwa,0,Katie Weatherhead,Handler,"1'0""",3,3,1,1,Women
Schwa,1,Emily Witt,,,,,,,Women
Schwa,4,Emily Flock,,,3,,,2,Women
Schwa,6,Demri Horton,,,9,5,,2,Women
Schwa,8,Eva Popp,,,5,16,1,13,Women
Schwa,9,Brenna Bailey,,,5,4,2,5,Women
Schwa,12,Mariel Hammond,,,18,22,4,8,Women
Schwa,16,Kristen Rosenblum,,"5'9""",1,1,3,,Women
Schwa,16,Jenica Villamor,,"5'7""",4,2,,8,Women
Schwa,18,Julia Sherwood,Handler,,6,15,2,10,Women
Schwa,22,Natalie Green,Handler,"5'2""",6,6,,3,Women
Schwa,24,Aubri Bishop,,,2,2,2,4,Women
Schwa,25,Lauren Truxillo,,"1'0""",2,6,2,7,Women
Schwa,37,Beckie Zipp,,"5'8""",5,10,1,9,Women
Schwa,77,Sara Stratton,,,3,4,3,5,Women
Schwa,99,Noelle Takahashi,,"5'6""",6,5,3,2,Women
Nemesis,0,Eileen Duffner,,"5'9""",10,4,,11,Women
Nemesis,1,Allison Fish,,,,7,5,14,Women
Nemesis,2,Elizabeth Arakaki,,,2,1,6,6,Women
Nemesis,4,Monica Matsumoto,,,24,19,3,13,Women
Nemesis,5,Anna Thorn,,"5'6""",1,6,7,14,Women
Nemesis,6,Risa Umeno,,"5'3""",4,,3,3,Women
Nemesis,8,Christina Sur,,"5'5""",18,8,6,12,Women
Nemesis,11,Beth Daviess,,"5'7""",1,11,1,7,Women
Nemesis,12,Jennifer Corcoran,,,7,41,11,61,Women
Nemesis,13,Jessica Sipperley,,"5'5""",,3,,6,Women
Nemesis,15,Danielle Blatt,,"5'4""",21,1,6,8,Women
Nemesis,17,Erika Danckers,,,5,5,2,4,Women
Nemesis,18,Sarah Kim,,"1'0""",7,5,1,10,Women
Nemesis,19,Rachel Foster,,,8,8,6,26,Women
Nemesis,22,Jessica LeDonne,,"5'2""",12,2,2,2,Women
Nemesis,23,Emily Hadel,,,6,3,5,3,Women
Nemesis,25,MK Andersen,,,12,2,4,3,Women
Nemesis,31,Abby Shure,,,15,4,5,5,Women
Nemesis,32,Carol Li,,,4,5,2,16,Women
Nemesis,72,Jacqueline Jarik,,,9,13,15,25,Women
Nemesis,77,Sara Miller,,,9,28,6,28,Women
Nemesis,84,Sarah Lipscomb,,"1'0""",21,4,3,4,Women
Nemesis,94,Emilie Willingham,,"5'9""",8,15,1,10,Women
Rival,2,Nancy Haskell,,,22,9,10,7,Women
Rival,3,Molly Barlow,,,10,5,2,10,Women
Rival,5,Stephanie (Stevie) Miller,,"5'6""",1,4,,4,Women
Rival,6,Corinn Pruitt,,"5'6""",9,13,9,18,Women
Rival,7,Sara Nitz,,,17,1,4,4,Women
Rival,8,Becky Moore,,"5'8""",20,9,3,10,Women
Rival,9,Janine Walker,,,,1,2,8,Women
Rival,10,Kristen Smiach,,,22,10,7,6,Women
Rival,11,Tracey Lo,,"4'4""",,,,,Women
Rival,12,Jessica Mast,,,,9,1,15,Women
Rival,14,Theresa Zettner,,,3,10,2,10,Women
Rival,15,Brittany Wright,,"5'4""",15,7,1,6,Women
Rival,16,Sarah Craycraft,,,4,,1,1,Women
Rival,18,Caitlin Harley,,,11,15,4,32,Women
Rival,20,Sophia Knowles,,"5'9""",21,46,6,29,Women
Rival,21,Mallory Griffith,,"5'5""",5,1,1,4,Women
Rival,22,Talia Barth,,"5'9""",11,21,4,25,Women
Rival,23,Nichole Kwee,,,3,10,2,23,Women
Rival,24,Julia Weinert,,"5'7""",11,3,1,8,Women
Rival,30,Mackenzie Fazekas,,,,9,,9,Women
Rival,31,Sara Scott,,,7,9,4,12,Women
Rival,38,Jennifer Perry,,,1,3,4,8,Women
Rival,42,Meg Duffy,,"5'4""",4,8,2,15,Women
Rival,44,Grace Denney,,"10'11""",6,4,,7,Women
Rival,66,Tia Esposito,,"5'4""",,,3,3,Women
Rival,75,Austine Lin,,,1,1,,,Women
Rival,99,Iris Javersak,,,11,5,6,10,Women
Traffic,0,Erin Bussin,"5'3""",3,2,1,2,,Women
Traffic,0,Betsy Chan,,,2,4,2,11,Women
Traffic,0,Sophia Yik Hei Chan Chan,,,11,1,6,1,Women
Traffic,0,Maria Chau,,,3,4,,4,Women
Traffic,0,Nagisa Fukuoka,,,5,8,1,7,Women
Traffic,0,Katie Hikida,,,1,7,,4,Women
Traffic,0,Catherine Hui,,,21,21,8,14,Women
Traffic,0,Laurel Jay,,,5,2,1,9,Women
Traffic,0,Megan Kidston,,"1'0""",3,3,2,1,Women
Traffic,0,Jaimie Kot,,,1,1,3,4,Women
Traffic,0,Jennifer Kwok,,"1'0""",12,7,1,3,Women
Traffic,0,Daisy Lin,,"5'4""",8,5,1,3,Women
Traffic,0,Laura Mason,,"5'8""",4,10,,,Women
Traffic,0,Victoria McCann,,,1,3,,1,Women
Traffic,0,Rachel Moens,,,9,16,6,10,Women
Traffic,0,Naomi Morcilla,,"5'3""",2,,,,Women
Traffic,0,Zellema Mot,,,1,,,,Women
Traffic,0,Michelle Ning,,,1,10,,11,Women
Traffic,0,Nicola Parker,,,2,5,2,2,Women
Traffic,0,Jessica Rockliff,,,7,11,1,11,Women
Traffic,0,Carly Sakai,,,4,1,1,2,Women
Traffic,0,Allison Short,,"5'11""",12,2,1,5,Women
Traffic,0,Nekita Sidhho,,,2,2,,,Women
Traffic,0,Louisa Thue,,,5,9,2,8,Women
Traffic,0,Terri Whitehead,,,10,8,1,4,Women
Traffic,0,Lisa Wong,,,3,2,1,7,Women
Traffic,0,Katie Wong,,,1,4,2,1,Women
Traffic,0,Julia Zhang,,"5'7""",8,1,,3,Women
Showdown,1,Katie Metzler,,,5,3,3,6,Women
Showdown,2,Elise Bjork,,,6,17,2,19,Women
Showdown,3,Domenica Sutherland,,"5'4""",1,6,3,13,Women
Showdown,4,Cameron Bryan,,,1,1,1,3,Women
Showdown,5,Andrea Esparza,,"5'3""",2,8,,9,Women
Showdown,6,Ivy Harrison,,"5'4""",1,3,,4,Women
Showdown,7,Laura Reed,,,5,4,2,6,Women
Showdown,8,Elise Franke,,"5'5""",,,,1,Women
Showdown,9,Laura Landis,,,6,3,1,8,Women
Showdown,16,Sarah Levinn,,,20,23,6,9,Women
Showdown,17,Marissa Land,,,10,4,2,8,Women
Showdown,18,Laura Gerencser,,,11,4,3,6,Women
Showdown,19,Tiffany Schumacher,,"5'8""",2,9,2,15,Women
Showdown,20,Michelle Landis,,"5'7""",,,,,Women
Showdown,21,Valerie Pinillos,,,6,7,,4,Women
Showdown,22,Julia Schmaltz,,"5'10""",15,8,3,9,Women
Showdown,23,Lillian White,,"5'5""",1,1,,,Women
Showdown,24,Susan Gilbert,,,4,1,1,2,Women
Showdown,28,Anne Ortiz,,"5'6""",3,6,1,13,Women
Showdown,28,Mindy Radike,,"5'8""",,,,,Women
Showdown,30,Kayla Ramirez,,,1,1,,,Women
Showdown,31,Ashley Shelor,,"5'6""",6,4,1,5,Women
Showdown,32,Rebecca Forth,,"1'0""",11,5,3,9,Women
Showdown,46,Helen Eifert,,"5'6""",4,3,,3,Women
Showdown,55,Bethani Eberhart,,,13,8,3,11,Women
Showdown,95,Megan Mendieta,,"5'7""",3,4,3,3,Women
Wildfire,0,Erin Crider,,,,1,1,2,Women
Wildfire,1,Sharon Tseng,Cutter,,2,1,1,2,Women
Wildfire,2,Amy Halvorsen,,,1,1,,3,Women
Wildfire,4,Kristen Pojunis,,"5'7""",2,9,2,9,Women
Wildfire,5,Caitlin O'Bara,,,,,,,Women
Wildfire,7,Katie Ogden,,"5'7""",1,1,2,1,Women
Wildfire,8,Alexa Cohen,Cutter,"5'6""",14,2,5,4,Women
Wildfire,10,Christy Jarman,,"5'10""",3,,1,1,Women
Wildfire,11,Melissa Dunn,Cutter,"5'4""",5,2,2,4,Women
Wildfire,13,Corey Atkins,Handler,,,2,,6,Women
Wildfire,14,Mei Bruist,,"10'0""",6,15,9,15,Women
Wildfire,15,Brittany Cabriales,,"5'5""",,8,1,9,Women
Wildfire,16,Audrey Brown,,,6,,2,3,Women
Wildfire,20,Kelli Iwamoto,Handler,,6,4,1,10,Women
Wildfire,25,"Lily ""Thud"" Lin",,"5'4""",1,1,2,8,Women
Wildfire,27,Hani Pajela,,,1,,2,3,Women
Wildfire,28,Stephanie Pritchard,,"5'8""",11,2,,5,Women
Wildfire,37,Hannah Walter,,"5'9""",2,7,,12,Women
Wildfire,44,Rayna Wachs,,,5,1,1,5,Women
Wildfire,47,Dena Elimelech,,,11,5,8,7,Women
Wildfire,50,Enway Melo,,"5'3""",2,1,,,Women
Wildfire,51,Lindsay Lang,,,2,20,4,26,Women
Wildfire,52,Annie Ngo,,,1,1,1,2,Women
Wildfire,81,Ellen Smith,,,,,1,1,Women
Wildfire,88,Veronica Eder,,"5'10""",8,7,5,6,Women
Heist,0,Donna Johnston,Cutter,,,,1,,Women
Heist,2,Sabrina Hoffman,Handler,"5'6""",6,7,6,10,Women
Heist,3,Sara Gnolek,Handler,"5'8""",3,6,4,18,Women
Heist,4,Ellie Daniels,Cutter,,1,,5,1,Women
Heist,5,Rose Glinka,Handler/Cutter,,16,6,1,9,Women
Heist,6,Alexandra Hu,Handler/Cutter,"5'7""",2,1,2,9,Women
Heist,7,Austin Prucha,Cutter,,50,12,9,15,Women
Heist,9,Daniela Rodriguez,Handler/Cutter,,1,4,,1,Women
Heist,10,Alison Vandegrift,Cutter,"5'9""",3,6,3,8,Women
Heist,11,Melissa Gibbs,Handler/Cutter,"5'7""",5,5,,,Women
Heist,12,Emily Orner,Handler,,,2,2,5,Women
Heist,13,Brittney Kokinos,Handler/Cutter,"5'3""",4,3,1,8,Women
Heist,14,Rachel Enyeart,Handler/Cutter,"5'5""",23,8,1,7,Women
Heist,16,Margaret Walker,Handler/Cutter,"5'8""",5,14,3,16,Women
Heist,17,Lindsey Waite,Cutter,"5'5""",3,,,,Women
Heist,22,Elizabeth Lehman,Handler,,6,11,3,22,Women
Heist,23,Anna Williams,Handler/Cutter,"5'6""",1,5,2,5,Women
Heist,24,Camila Flowerman,Cutter,"5'9""",17,2,5,10,Women
Heist,30,Jean Huang,Handler,"5'7""",,6,,12,Women
Heist,31,Sharon Yee,Handler,,6,5,,10,Women
Heist,40,Amelia Cuarenta,Handler/Cutter,"5'6""",18,14,6,3,Women
Heist,44,Robyn Fennig,Handler,"5'6""",21,80,14,43,Women
Heist,70,Charlotte Francoeur,Cutter,"5'8""",3,,,1,Women
Heist,84,Sara Stuedemann,Cutter,,2,1,,3,Women
Heist,87,Emily Langland,Handler,"5'2""",1,5,1,10,Women
Heist,99,Caitlin Murphy,Cutter,"5'5""",8,,8,10,Women
Phoenix,0,Katie Backus,,,,,,,Women
Phoenix,0,Kaye Eshelman,,"5'4""",,,,,Women
Phoenix,0,Olivia Monroe,,"5'8""",,,,,Women
Phoenix,2,Savannah Erwin,,,,1,1,6,Women
Phoenix,3,Brandi Skanes,,"5'5""",4,8,1,3,Women
Phoenix,5,Jessi Jones,,,15,29,4,10,Women
Phoenix,6,Qing (Jenny) Wei,,"5'8""",25,29,3,15,Women
Phoenix,7,Cacey-Jane Bunch,,,7,1,5,2,Women
Phoenix,8,Georgia Tse,,,3,1,1,7,Women
Phoenix,9,Jinny Eun,,"5'3""",4,7,3,10,Women
Phoenix,12,Alix Robbins,,"6'0""",,,,,Women
Phoenix,13,Amanda Murphy,,,9,4,2,4,Women
Phoenix,14,Lyla Stanland,,"5'5""",21,13,2,13,Women
Phoenix,15,Ashley Powell,,"5'5""",8,19,3,13,Women
Phoenix,15,Carmen Tormey,,,2,1,3,1,Women
Phoenix,16,Briana Campbell,,"5'7""",,,,,Women
Phoenix,17,Jenna Dahl,,,5,,,1,Women
Phoenix,21,Kyra Catabay,,,2,1,,4,Women
Phoenix,22,Anne Worth,,"5'4""",12,6,2,6,Women
Phoenix,27,Mary Rippe,,"5'5""",8,3,2,3,Women
Phoenix,33,Kumiko Sano,,"5'4""",,1,,3,Women
Phoenix,42,Rebecca Fagan,,,5,,2,5,Women
Phoenix,52,Sydney Harris,,,1,1,,,Women
Phoenix,55,Klara Calderon-Guthe,,"6'0""",1,2,,2,Women
Phoenix,57,Elisabeth Parker,,"5'4""",,3,,8,Women
Phoenix,58,Rowan Jaynes,,"5'5""",,,2,,Women
Phoenix,62,Becky Widmayer,,,,2,2,3,Women
Pop,1,Lillian Bailey,Handler/Cutter,,2,6,7,7,Women
Pop,1,Rachel Johnson,Handler,"5'4""",2,3,3,23,Women
Pop,2,Stephanie Perleberg,,,1,1,1,3,Women
Pop,3,Makella Daley,,,5,27,3,49,Women
Pop,4,Cassidy Kummrow,Cutter,,,2,,1,Women
Pop,5,Kalli Perano,,"5'2""",13,13,5,20,Women
Pop,7,Frances Tsukano,,,10,4,1,2,Women
Pop,8,Jenny Gaynor,,"5'6""",12,11,4,14,Women
Pop,9,Sara Helm,,,1,,1,1,Women
Pop,11,Rachel Gage,,,1,5,2,6,Women
Pop,12,Rebecca Enders,,,1,8,5,27,Women
Pop,15,Katie Godfrey,,,4,3,3,10,Women
Pop,17,Madeleine Preiss,Handler,"5'7""",1,,,2,Women
Pop,18,Adrienne Baker,,"5'9""",4,3,2,5,Women
Pop,19,AJ Uthe,,"5'2""",2,1,2,4,Women
Pop,25,Courtney Kiesow,,"5'8""",7,8,2,15,Women
Pop,26,Becca Ludford,Cutter,"5'6""",7,7,9,11,Women
Pop,28,Jill Kiener,Cutter,,6,3,1,2,Women
Pop,33,Kayla Blanek,,,17,10,7,9,Women
Pop,40,Chip Chang,,"1'0""",4,24,4,33,Women
Pop,49,Rose Gruenhagen,,,12,1,3,5,Women
Pop,53,Emma Piorier,,"1'0""",23,5,4,8,Women
Pop,77,Kristen Schultz,,"5'2""",11,4,4,10,Women
Pop,89,Rebekah Swanson,,,16,7,2,10,Women
Pop,93,Biz Cook,,,18,14,8,17,Women
Underground,0,Caroline Ma,,,,,,,Women
Underground,0,Akina Younge,,,2,1,,,Women
Underground,1,Jessica Spaulding,,"5'9""",3,7,,,Women
Underground,2,Alexa Yadama,,,3,,,,Women
Underground,4,Nicole Cramer,,"5'6""",,1,,,Women
Underground,5,Tiffany Phan,,"5'0""",,2,,,Women
Underground,10,Julia Johnson,,"5'7""",,2,,,Women
Underground,12,Katie Raynolds,,,3,1,,,Women
Underground,15,Noel Hanzel,,,3,1,,,Women
Underground,16,Alyssa Worsham,,,1,1,,,Women
Underground,20,Sarah Naomi True,,,1,1,,,Women
Underground,21,Rena Kawabata,,"5'5""",,,,,Women
Underground,22,Elise Rasmussen,,,,,,,Women
Underground,23,Anh-Thu Chang,,"5'0""",2,1,,,Women
Underground,24,Abby Hecko,,,3,1,,,Women
Underground,25,Emma Kahle,,"1'0""",1,4,,,Women
Underground,27,Anne Silver,,,4,2,,,Women
Underground,28,Nora Carr,,,5,4,,,Women
Underground,31,Ikran Elmi,,,,2,,,Women
Underground,32,Michaela Fallon,,,,,,,Women
Underground,33,Catherine (Cate) Roscoe,,"5'5""",3,2,,,Women
Underground,42,Madeline Stephenson,,"6'0""",,1,,,Women
Underground,45,Alyssa Kelly,,"5'7""",2,2,,,Women
Underground,47,Amanda Kostic,,,1,3,,,Women
Underground,51,Kate Dusenbury,,,1,1,,,Women
Underground,77,Taylor Hartman,,"5'4""",,,,,Women
Underground,89,Sophia Scofield-Selby,,"5'4""",3,,,,Women
AMP,,Nick Purifico,,,,,,,Mixed
AMP,0,Nick Spiva,,,11,32,12,25,Mixed
AMP,1,Robert Roos,,,18,19,6,8,Mixed
AMP,2,Matt Zumbrum,,,,2,2,8,Mixed
AMP,4,Raha Mozaffari,,,9,11,4,14,Mixed
AMP,5,Michael Panna,,"5'9""",11,4,3,12,Mixed
AMP,6,Kelsey Devlin,,,4,4,,9,Mixed
AMP,7,Steve Rosso,,"5'11""",15,6,2,5,Mixed
AMP,8,Luke Ryan,,"6'2""",15,10,12,8,Mixed
AMP,9,Andrea Desabato,,,1,4,2,6,Mixed
AMP,10,Spencer Deroos,,"5'10""",7,5,3,9,Mixed
AMP,11,Ryan Flamberg,,,9,,6,3,Mixed
AMP,12,Malti McKinnon,,,3,3,2,5,Mixed
AMP,13,Nico Lake,,"5'11""",12,18,5,11,Mixed
AMP,16,Richard Robinson,,,5,2,3,8,Mixed
AMP,17,Stephen Ng,,"5'7""",3,8,4,8,Mixed
AMP,18,Emily Shields,,,20,6,1,3,Mixed
AMP,19,Anna Thompson,,"5'3""",5,5,1,2,Mixed
AMP,20,Ben Pelleg,,,7,19,5,8,Mixed
AMP,21,Linda Morse,,"5'10""",24,9,5,9,Mixed
AMP,22,Allysha Dixon,,"5'3""",,,,,Mixed
AMP,23,Natalie Bova,,,9,5,8,6,Mixed
AMP,24,Danielle Walsh,,,1,3,1,3,Mixed
AMP,27,Yuge Xiao,,,5,,3,,Mixed
AMP,33,Calvin Trisolini,,"6'1""",5,16,2,11,Mixed
AMP,36,Carolyn Normile,,"5'3""",16,16,3,17,Mixed
AMP,44,Max Charles,,"5'6""",4,4,3,4,Mixed
AMP,79,Michael Ing,,,,,,,Mixed
AMP,81,Sean Mott,,,28,17,7,13,Mixed
AMP,99,Eric Nardelli,,"6'0""",4,4,4,2,Mixed
Seattle Mixtape,0,Abbie Abramovich,Deep,,2,2,1,3,Mixed
Seattle Mixtape,0,Mark Burton,Cutter,,14,46,4,30,Mixed
Seattle Mixtape,0,Ellen Goldberg,,"5'10""",19,7,6,14,Mixed
Seattle Mixtape,0,Casey Ikeda,Handler,,1,4,1,2,Mixed
Seattle Mixtape,0,Arianne Lozano,Defense (Cutter),"5'5""",11,6,5,13,Mixed
Seattle Mixtape,1,Donald Clark,Mid,"5'11""",6,4,4,7,Mixed
Seattle Mixtape,3,Cam Bailey,Deep,,5,15,6,12,Mixed
Seattle Mixtape,4,Jesse Bolton,,,8,8,3,17,Mixed
Seattle Mixtape,4,Zhi Chen,Defense (Handler),"1'0""",11,7,6,17,Mixed
Seattle Mixtape,6,Kahyee Fong,Deep,,7,4,1,4,Mixed
Seattle Mixtape,8,Meagan Kapostasy,Defense (Cutter),,,2,3,1,Mixed
Seattle Mixtape,9,Jennifer Cogburn,Deep,,,,,,Mixed
Seattle Mixtape,10,Lexi Garrity,Defense (Cutter),"5'6""",18,,7,10,Mixed
Seattle Mixtape,11,Bert Abbott,Defense (Handler),"5'6""",5,6,4,16,Mixed
Seattle Mixtape,12,Brad Houser,Mid,,29,29,8,25,Mixed
Seattle Mixtape,14,Reed Hendrickson,Dump,,11,5,12,4,Mixed
Seattle Mixtape,15,Drew Johnson,,"5'8""",,,,,Mixed
Seattle Mixtape,19,Cole Johnson,,,,,,4,Mixed
Seattle Mixtape,20,Grace Noah,Mid,"5'6""",3,3,2,16,Mixed
Seattle Mixtape,22,Evan Klein,Defense (Cutter),,8,23,5,12,Mixed
Seattle Mixtape,23,Nicola Bruce,Deep,"5'1""",3,1,,3,Mixed
Seattle Mixtape,24,Alex Duffel,Defense (Handler),,5,1,2,10,Mixed
Seattle Mixtape,27,Dominic Cavalero,Defense (Handler),,7,7,6,8,Mixed
Seattle Mixtape,28,Claire Revere,,"5'5""",15,14,4,7,Mixed
Seattle Mixtape,31,Henry Phan,Defense (Handler),,1,,,,Mixed
Seattle Mixtape,32,Emily Smith-Wilson,Mid,,10,3,8,4,Mixed
Seattle Mixtape,34,Brian Stout,Dump,"6'4""",18,10,2,10,Mixed
Seattle Mixtape,50,Nicholas Dare,Handler,"6'1""",2,5,2,8,Mixed
Seattle Mixtape,58,Paige Kercher,Handler,"5'6""",6,10,,11,Mixed
Seattle Mixtape,81,Lani Nguyen,Handler/Cutter,"5'3""",18,6,1,7,Mixed
Seattle Mixtape,99,Khalif El-Salaam,Defense (Cutter),,22,23,21,17,Mixed
Drag'n Thrust,,Jessica Haller,,"5'5""",1,,2,,Mixed
Drag'n Thrust,,Benjamin Longchamp,,"1'0""",,,,,Mixed
Drag'n Thrust,0,Alicia Carr,,"5'6""",3,5,1,7,Mixed
Drag'n Thrust,2,Brett Sullivan,,,,2,,1,Mixed
Drag'n Thrust,3,Patrick Niles,,,1,8,1,8,Mixed
Drag'n Thrust,4,Erica Baken,,,10,22,12,20,Mixed
Drag'n Thrust,5,Greta Regan,,,3,3,,7,Mixed
Drag'n Thrust,7,Blake Trantina,,"1'0""",16,4,8,3,Mixed
Drag'n Thrust,8,Claire Oakley,,,6,3,,9,Mixed
Drag'n Thrust,9,Emily Regan,,,17,5,5,9,Mixed
Drag'n Thrust,10,Martha Lien,,"5'2""",7,5,1,7,Mixed
Drag'n Thrust,11,Jonah Malenfant,,"6'2""",,,,,Mixed
Drag'n Thrust,12,Marty Adams,,,36,10,13,14,Mixed
Drag'n Thrust,13,Jacob Lien,,"5'11""",8,20,12,15,Mixed
Drag'n Thrust,14,Austin Lien,,"5'8""",8,31,1,22,Mixed
Drag'n Thrust,16,Brian Schoenrock,,"6'1""",36,14,13,7,Mixed
Drag'n Thrust,17,James Hron,,,21,13,4,1,Mixed
Drag'n Thrust,18,Ellie Sjordal,,"5'4""",2,4,2,8,Mixed
Drag'n Thrust,19,Tavis Leighton,,,10,9,10,6,Mixed
Drag'n Thrust,20,Neal Hanke,,,12,16,12,16,Mixed
Drag'n Thrust,21,Tyler Thomegreene,,,4,13,5,8,Mixed
Drag'n Thrust,22,Kathryn Ritzmann,,,13,18,11,12,Mixed
Drag'n Thrust,25,Eva Maxson,,,3,3,,4,Mixed
Drag'n Thrust,31,Josh Hemmesch,,,7,5,1,3,Mixed
Drag'n Thrust,33,Jaime Glader,,"5'1""",12,10,6,6,Mixed
Drag'n Thrust,37,Sierra Barthen,,,7,5,,7,Mixed
Drag'n Thrust,43,Bryan Vohnoutka,,,10,12,6,9,Mixed
Drag'n Thrust,44,Sarah Meckstroth,,"5'8""",33,44,23,24,Mixed
Drag'n Thrust,49,Caleb Denecour,,"5'9""",24,14,12,11,Mixed
Drag'n Thrust,55,Charlie Schuweiler,,"5'8""",2,17,3,12,Mixed
Drag'n Thrust,92,Sarah Espinoza,,,3,1,,1,Mixed
Drag'n Thrust,99,Adam Meckstroth,,"6'2""",4,3,,2,Mixed
Space Heater,0,Georgia Bosscher,,,5,6,1,8,Mixed
Space Heater,0,David Boylan-Kolchin,,"6'1""",3,2,2,1,Mixed
Space Heater,0,Crystal Davis,,,3,1,2,1,Mixed
Space Heater,0,Beau De Koninck,,,,,,,Mixed
Space Heater,0,Claire Desmond,,,4,5,,4,Mixed
Space Heater,0,Jenny Fey,,,9,7,,5,Mixed
Space Heater,0,Joe Freund,,,4,3,1,6,Mixed
Space Heater,0,Rachel Hess,,,,1,1,,Mixed
Space Heater,0,Sammy Kees Humes,,"5'11""",,,,,Mixed
Space Heater,0,Kelly Hyland,,,6,4,,4,Mixed
Space Heater,0,Cody Johnston,,"6'0""",,2,,1,Mixed
Space Heater,0,Sandra Jorgensen,,,7,2,3,4,Mixed
Space Heater,0,Kyle Khalifa,,,6,2,2,2,Mixed
Space Heater,0,Alan Kolick,,,3,9,5,2,Mixed
Space Heater,0,Allison Maddux,,,,,1,2,Mixed
Space Heater,0,Jonny Malks,,"5'11""",,,,,Mixed
Space Heater,0,Anthony McLean,,"6'1""",4,1,1,5,Mixed
Space Heater,0,Ryan Nam,,,3,,,,Mixed
Space Heater,0,Zachary Norrbom,,"5'8""",7,6,1,4,Mixed
Space Heater,0,Adam Raty,,,,2,,1,Mixed
Space Heater,0,Erik Salmi,,"5'11""",,2,,,Mixed
Space Heater,0,Katherine Sanz,,,,,,2,Mixed
Space Heater,0,Patrick Shriwise,,,2,8,1,6,Mixed
Space Heater,0,Theodore Sither,,,3,7,,1,Mixed
Space Heater,0,Christine Valvo,,,1,,1,,Mixed
Space Heater,0,Fred Wolf,,"6'3""",,,,,Mixed
Space Heater,0,Shino Yoshen,,,,,1,3,Mixed
BFG,,Leah Bar-On Simmons,,,4,1,5,4,Mixed
BFG,,Sarah Benditt,,,7,4,,5,Mixed
BFG,,Julia Bladin,,,4,4,2,4,Mixed
BFG,,Kerry Chang,,,11,9,2,5,Mixed
BFG,,David Hunzicker,,,,,,,Mixed
BFG,,Rena Kawabata,,"5'5""",4,6,1,3,Mixed
BFG,,Kieran Kelly,,"6'2""",4,4,,,Mixed
BFG,,Mario O'Brien,,,3,16,3,10,Mixed
BFG,,Samuel Pickel,,,2,11,3,9,Mixed
BFG,,Bryson Simon Fox,,,14,5,8,11,Mixed
BFG,,Lindsay Simon Fox,,,25,4,5,5,Mixed
BFG,,Mia Smucny,,,3,1,,1,Mixed
BFG,,Kyle Terriere,,"6'0""",8,4,6,2,Mixed
BFG,0,Andrea Coleman,,,3,2,2,5,Mixed
BFG,0,Lili Gu,,,,1,,3,Mixed
BFG,0,Jimmy Hooper,,"1'0""",1,6,2,6,Mixed
BFG,0,Alexa Kirkland,,,12,4,1,9,Mixed
BFG,0,Tommy Li,,,6,17,7,13,Mixed
BFG,0,Aaron Richards,,,1,1,6,5,Mixed
BFG,4,Andrew Hagen,,,5,5,5,5,Mixed
BFG,5,Kate Kingery,,,7,3,,1,Mixed
BFG,10,Adam Simon,,,3,37,2,18,Mixed
BFG,11,Austin Barden,,"6'1""",7,7,1,2,Mixed
BFG,23,Linnea Soo,Defense (Cutter),"5'4""",7,1,2,3,Mixed
BFG,27,Jeffrey Pape,,"1'6""",8,16,3,14,Mixed
BFG,32,Alissa Soo,,,12,1,11,6,Mixed
BFG,33,Anna Maria Pape,,,3,,,1,Mixed
BFG,44,Stephen Gussin,,,6,4,5,3,Mixed
BFG,66,Crystal Koo,,,3,5,,4,Mixed
BFG,98,Aldous Root,Dump,"5'3""",7,6,1,2,Mixed
Snake Country,11,Anna Beddor,Defense (Cutter/Handler),"5'5""",1,,1,,Mixed
Snake Country,11,Anna Chute,Handler/Cutter,,,,,,Mixed
Snake Country,11,Kimberly Culpan,Handler/Cutter,"5'9""",7,2,1,1,Mixed
Snake Country,11,David Ferraro,Defense (Cutter/Handler),"5'11""",4,2,3,2,Mixed
Snake Country,11,Annie Fisher,Defense (Cutter/Handler),,4,,2,,Mixed
Snake Country,11,Kendra Frederick,Handler/Cutter,,,,,,Mixed
Snake Country,11,Brian Garcia,Handler/Cutter,,1,12,1,9,Mixed
Snake Country,11,Daniel Glatt,Defense (Cutter/Handler),,2,4,1,3,Mixed
Snake Country,11,Connor Hanify,Defense (Cutter/Handler),,,,,,Mixed
Snake Country,11,Karoline Hart,Defense (Cutter/Handler),,3,,,1,Mixed
Snake Country,11,Sarah Hemphill,Defense (Cutter/Handler),,,,,,Mixed
Snake Country,11,Jake Herman,Defense (Cutter/Handler),,1,1,,1,Mixed
Snake Country,11,Misha Herscu,Defense (Cutter/Handler),,,1,,3,Mixed
Snake Country,11,Jonathan Hirschberger,Defense (Cutter/Handler),,2,1,,4,Mixed
Snake Country,11,Isabel Jamerson,Defense (Cutter/Handler),,,,,,Mixed
Snake Country,11,Nina Job,Handler/Cutter,,,,,,Mixed
Snake Country,11,Sam Kittross-Schnell,Defense (Cutter/Handler),,,,,,Mixed
Snake Country,11,Chelsea Leeder,Handler/Cutter,"5'8""",4,,,2,Mixed
Snake Country,11,Ryan Levins,Handler/Cutter,"6'3""",,,,,Mixed
Snake Country,11,Kirsten Lundquist,Defense (Cutter/Handler),,2,1,3,2,Mixed
Snake Country,11,Auralyn Mackenzie,Handler/Cutter,,,,1,5,Mixed
Snake Country,11,Kaelin Mackey,Defense (Cutter/Handler),,,,,,Mixed
Snake Country,11,Piers MacNaughton,Handler/Cutter,,8,4,2,1,Mixed
Snake Country,11,Peter Prial,Handler/Cutter,"6'3""",10,12,4,3,Mixed
Snake Country,11,Jamie Quella,Defense (Cutter/Handler),"6'0""",1,8,5,4,Mixed
Snake Country,11,Erin Rea,Defense (Cutter/Handler),,,1,1,,Mixed
Snake Country,11,Laura Rea,Defense (Cutter/Handler),,,,,,Mixed
Snake Country,11,David Reshef,Handler/Cutter,"5'10""",,,,,Mixed
Snake Country,11,Charlie Roberts,Handler/Cutter,,,,1,,Mixed
Snake Country,11,Jon Stone,Defense (Cutter/Handler),"6'0""",,,,,Mixed
Snake Country,11,Jacob Taylor,Handler/Cutter,,3,8,1,5,Mixed
Snake Country,11,Sophia Vargas,Handler/Cutter,"5'6""",,,,,Mixed
Snake Country,11,Christopher Waite,Defense (Cutter/Handler),"1'0""",,5,1,7,Mixed
Snake Country,11,Davis Whitehead,Defense (Cutter/Handler),,8,2,1,1,Mixed
Snake Country,11,Jesse Wolf,Defense (Cutter/Handler),"5'9""",,,,1,Mixed
Snake Country,11,Nellie Wood,Defense (Cutter/Handler),,,,,,Mixed
Snake Country,11,Alexi Zalk,Handler/Cutter,,7,3,4,2,Mixed
Blackbird,,Donnya Ajdari,,"5'5""",3,1,,,Mixed
Blackbird,,Vivian Chu,,"5'4""",1,2,,2,Mixed
Blackbird,,Molly Hallweaver,,,,,3,5,Mixed
Blackbird,,Trevor Harper,,"5'11""",1,1,1,1,Mixed
Blackbird,,Rachel Holz,,,1,2,,,Mixed
Blackbird,,David Libo-on,,"5'8""",,,,,Mixed
Blackbird,,Jacob Lohman,,,1,,1,2,Mixed
Blackbird,,Raj Maitra,,,1,,,,Mixed
Blackbird,,Danny Miesen,,"5'11""",6,9,4,3,Mixed
Blackbird,,Alexandra Stambaugh,,,1,1,1,1,Mixed
Blackbird,,Steve Sullivan,,,5,3,1,1,Mixed
Blackbird,,Julia Ting,,,,1,,2,Mixed
Blackbird,,Max Udsen,,,2,1,1,,Mixed
Blackbird,0,Kara Hammer,,,4,1,1,6,Mixed
Blackbird,0,Laura Moore,,,1,1,1,1,Mixed
Blackbird,2,Corey Lee,,,,2,,3,Mixed
Blackbird,7,Malina Wiebe,,,13,1,2,6,Mixed
Blackbird,9,Adam Farren,,"6'0""",2,2,1,3,Mixed
Blackbird,11,Barrs Lang,,,6,5,5,6,Mixed
Blackbird,13,Sally Mimms,,,2,5,1,1,Mixed
Blackbird,16,Vincenzo Vitiello,,"5'10""",13,8,6,6,Mixed
Blackbird,17,John Kolb,,,5,10,,2,Mixed
Blackbird,19,Ryo Kawaoka,,,7,13,1,6,Mixed
Blackbird,20,Briana Cahn,,,8,6,2,1,Mixed
Blackbird,30,Megan Schoellhamer,,"5'6""",11,2,,2,Mixed
Blackbird,40,Mac Taylor,,,14,38,4,22,Mixed
Love Tractor,0,Hallie Dunham,,"5'5""",,2,,6,Mixed
Love Tractor,0,Hilary Egan,,"5'2""",3,11,1,11,Mixed
Love Tractor,0,Robin Fassett-Carman,,,2,4,2,2,Mixed
Love Tractor,0,Dorothe Franklin,,"1'0""",2,7,3,7,Mixed
Love Tractor,0,Geoa Geer,,,,,,,Mixed
Love Tractor,0,Frances Gellert,,"5'8""",8,7,2,7,Mixed
Love Tractor,0,Peter Gleason,,"1'0""",12,12,,6,Mixed
Love Tractor,0,Matt Gleason,,,,,,,Mixed
Love Tractor,0,Eric Hubbard,,"5'11""",,,,,Mixed
Love Tractor,0,Dominic Lopez,,,6,1,,4,Mixed
Love Tractor,0,Michael Lun,,,,,1,,Mixed
Love Tractor,0,Christina Mickle,,"5'8""",,,,,Mixed
Love Tractor,0,Maria Miller,,,3,,3,5,Mixed
Love Tractor,0,Zachary Nager,,"6'0""",15,4,4,4,Mixed
Love Tractor,0,Jesse Roehm,,,8,7,6,7,Mixed
Love Tractor,0,Steve Schwab,,"6'0""",2,1,1,1,Mixed
Love Tractor,0,Hilary Walker,,,16,6,2,2,Mixed
Love Tractor,4,David Protter,,"5'9""",6,2,3,5,Mixed
Love Tractor,5,Jack (John) McShane,,,13,29,3,19,Mixed
Love Tractor,9,James Cantwell,,"1'0""",4,8,1,5,Mixed
Love Tractor,11,Megan Henderson,,,11,6,,4,Mixed
Love Tractor,13,Christine Kamin,,"1'0""",1,,,1,Mixed
Love Tractor,19,Garrett Moulder,,,5,13,6,6,Mixed
Love Tractor,23,Camden Kittredge,,,3,1,1,1,Mixed
Love Tractor,33,David Kamin,,,4,3,,,Mixed
Love Tractor,35,Kate Pearson,,,10,2,,1,Mixed
Love Tractor,88,Kirsten Fahlbusch,,"5'6""",,2,1,6,Mixed
Love Tractor,91,Matthew Zemel,,,5,3,1,6,Mixed